,variant,count,cumcount
21,"('ER Registration', 'ER Triage', 'ER Sepsis Triage')",35,35
24,"('ER Registration', 'ER Triage', 'ER Sepsis Triage', 'Leucocytes', 'CRP')",24,59
95,"('ER Registration', 'ER Triage', 'ER Sepsis Triage', 'CRP', 'Leucocytes')",22,81
3,"('ER Registration', 'ER Triage', 'ER Sepsis Triage', 'CRP', 'LacticAcid', 'Leucocytes', 'IV Liquid', 'IV Antibiotics')",13,94
36,"('ER Registration', 'ER Triage', 'ER Sepsis Triage', 'Leucocytes', 'CRP', 'LacticAcid')",11,105
139,"('ER Registration', 'ER Triage', 'ER Sepsis Triage', 'Leucocytes', 'CRP', 'LacticAcid', 'IV Liquid', 'IV Antibiotics')",9,114
1,"('ER Registration', 'ER Triage', 'ER Sepsis Triage', 'Leucocytes', 'LacticAcid', 'CRP', 'IV Liquid', 'IV Antibiotics')",7,121
158,"('ER Registration', 'ER Triage', 'ER Sepsis Triage', 'Leucocytes', 'CRP', 'Admission NC', 'Release A')",5,126
232,"('ER Registration', 'ER Triage', 'ER Sepsis Triage', 'LacticAcid', 'Leucocytes', 'CRP', 'IV Liquid', 'IV Antibiotics')",5,131
83,"('ER Registration', 'ER Triage', 'ER Sepsis Triage', 'CRP', 'Leucocytes', 'LacticAcid', 'IV Liquid', 'IV Antibiotics')",5,136
125,"('ER Registration', 'ER Triage', 'CRP', 'Leucocytes', 'ER Sepsis Triage')",5,141
42,"('ER Registration', 'ER Triage', 'ER Sepsis Triage', 'CRP', 'LacticAcid', 'Leucocytes')",4,145
337,"('ER Registration', 'ER Triage', 'ER Sepsis Triage', 'Leucocytes', 'CRP', 'LacticAcid', 'IV Liquid', 'IV Antibiotics', 'Admission NC', 'Leucocytes', 'CRP', 'Release A')",4,149
150,"('ER Registration', 'ER Triage', 'ER Sepsis Triage', 'IV Liquid', 'CRP', 'Leucocytes', 'LacticAcid', 'IV Antibiotics')",4,153
66,"('ER Registration', 'ER Triage', 'ER Sepsis Triage', 'CRP', 'Leucocytes', 'Admission NC', 'Release A')",4,157
267,"('ER Registration', 'ER Triage', 'ER Sepsis Triage', 'Leucocytes', 'LacticAcid', 'CRP', 'IV Liquid', 'IV Antibiotics', 'Admission NC', 'CRP', 'Leucocytes', 'Release A')",4,161
202,"('ER Registration', 'ER Triage', 'Leucocytes', 'CRP', 'ER Sepsis Triage')",4,165
230,"('ER Registration', 'ER Triage', 'ER Sepsis Triage', 'LacticAcid', 'Leucocytes', 'CRP', 'IV Liquid', 'IV Antibiotics', 'Admission NC', 'Release A')",4,169
137,"('ER Registration', 'ER Triage', 'LacticAcid', 'Leucocytes', 'CRP', 'ER Sepsis Triage', 'IV Liquid', 'IV Antibiotics')",3,172
736,"('ER Registration', 'ER Triage', 'ER Sepsis Triage', 'IV Liquid', 'IV Antibiotics', 'Leucocytes', 'LacticAcid', 'CRP', 'Admission NC', 'Leucocytes', 'CRP', 'Release A', 'Return ER')",3,175
138,"('ER Registration', 'ER Triage', 'CRP', 'LacticAcid', 'Leucocytes', 'ER Sepsis Triage', 'IV Liquid', 'IV Antibiotics')",3,178
335,"('ER Registration', 'ER Triage', 'ER Sepsis Triage', 'IV Liquid', 'IV Antibiotics', 'Leucocytes', 'LacticAcid', 'CRP')",3,181
49,"('ER Registration', 'ER Triage', 'ER Sepsis Triage', 'IV Liquid', 'Leucocytes', 'CRP', 'LacticAcid', 'IV Antibiotics', 'Admission NC', 'Leucocytes', 'CRP', 'Release A', 'Return ER')",3,184
145,"('ER Registration', 'ER Triage', 'ER Sepsis Triage', 'IV Liquid', 'Leucocytes', 'LacticAcid', 'CRP', 'IV Antibiotics', 'Admission NC')",3,187
98,"('ER Registration', 'ER Triage', 'Leucocytes', 'CRP', 'LacticAcid', 'ER Sepsis Triage', 'IV Liquid', 'IV Antibiotics')",3,190
157,"('ER Registration', 'ER Triage', 'ER Sepsis Triage', 'Leucocytes', 'CRP', 'LacticAcid', 'IV Liquid', 'IV Antibiotics', 'Admission NC', 'CRP', 'Release A', 'Return ER')",3,193
162,"('ER Registration', 'ER Triage', 'ER Sepsis Triage', 'CRP', 'LacticAcid', 'Leucocytes', 'IV Liquid', 'IV Antibiotics', 'Admission NC', 'Release A')",3,196
107,"('ER Registration', 'ER Triage', 'ER Sepsis Triage', 'Leucocytes', 'LacticAcid', 'CRP', 'IV Antibiotics')",2,198
269,"('ER Registration', 'ER Triage', 'ER Sepsis Triage', 'LacticAcid', 'CRP', 'Leucocytes', 'Admission NC', 'Release A', 'Return ER')",2,200
358,"('ER Registration', 'ER Triage', 'ER Sepsis Triage', 'Admission NC', 'Release A')",2,202
540,"('ER Registration', 'ER Triage', 'ER Sepsis Triage', 'Leucocytes', 'CRP', 'LacticAcid', 'IV Liquid', 'IV Antibiotics', 'Admission NC', 'Release A')",2,204
177,"('ER Registration', 'ER Triage', 'ER Sepsis Triage', 'LacticAcid', 'CRP', 'Leucocytes', 'IV Liquid', 'IV Antibiotics', 'Admission NC', 'Release A')",2,206
517,"('ER Registration', 'ER Triage', 'ER Sepsis Triage', 'IV Liquid', 'CRP', 'LacticAcid', 'Leucocytes', 'IV Antibiotics', 'Admission NC', 'Leucocytes', 'CRP', 'Leucocytes', 'CRP', 'Leucocytes', 'Release A', 'Return ER')",2,208
522,"('ER Registration', 'ER Triage', 'ER Sepsis Triage', 'CRP', 'LacticAcid', 'Leucocytes', 'IV Liquid', 'IV Antibiotics', 'Admission NC', 'Leucocytes', 'CRP', 'Admission NC', 'CRP', 'Leucocytes', 'Release A')",2,210
543,"('ER Registration', 'ER Triage', 'ER Sepsis Triage', 'Leucocytes', 'CRP', 'LacticAcid', 'IV Liquid', 'IV Antibiotics', 'Admission NC', 'Admission NC', 'Leucocytes', 'CRP', 'Release A', 'Return ER')",2,212
78,"('ER Registration', 'ER Triage', 'ER Sepsis Triage', 'IV Liquid', 'IV Antibiotics', 'CRP', 'LacticAcid', 'Leucocytes')",2,214
385,"('ER Registration', 'ER Triage', 'ER Sepsis Triage', 'Leucocytes', 'LacticAcid', 'CRP', 'IV Liquid', 'IV Antibiotics', 'Admission NC')",2,216
67,"('ER Registration', 'ER Triage', 'ER Sepsis Triage', 'LacticAcid', 'Leucocytes', 'CRP')",2,218
115,"('ER Registration', 'ER Triage', 'ER Sepsis Triage', 'CRP', 'LacticAcid', 'Leucocytes', 'IV Liquid', 'IV Antibiotics', 'Admission NC', 'Leucocytes', 'CRP', 'Release A', 'Return ER')",2,220
213,"('ER Registration', 'ER Triage', 'ER Sepsis Triage', 'IV Liquid', 'IV Antibiotics', 'LacticAcid', 'Leucocytes', 'CRP')",2,222
120,"('ER Registration', 'ER Triage', 'ER Sepsis Triage', 'LacticAcid', 'Leucocytes', 'CRP', 'IV Liquid', 'IV Antibiotics', 'Admission NC', 'CRP', 'Release A', 'Return ER')",2,224
121,"('ER Registration', 'ER Triage', 'ER Sepsis Triage', 'LacticAcid', 'Leucocytes', 'CRP', 'IV Liquid', 'IV Antibiotics', 'Admission NC', 'Leucocytes', 'CRP', 'Release A', 'Return ER')",2,226
271,"('ER Registration', 'ER Triage', 'ER Sepsis Triage', 'Leucocytes', 'CRP', 'LacticAcid', 'IV Liquid', 'IV Antibiotics', 'Admission NC', 'CRP', 'Leucocytes', 'CRP', 'Leucocytes', 'CRP', 'Release A')",2,228
314,"('ER Registration', 'ER Triage', 'ER Sepsis Triage', 'Leucocytes', 'CRP', 'LacticAcid', 'IV Liquid', 'IV Antibiotics', 'Admission NC', 'Leucocytes', 'CRP', 'Release A', 'Return ER')",2,230
127,"('ER Registration', 'ER Triage', 'ER Sepsis Triage', 'CRP', 'LacticAcid', 'Leucocytes', 'IV Liquid', 'IV Antibiotics', 'Admission NC', 'CRP', 'Leucocytes', 'Release A')",2,232
131,"('ER Registration', 'ER Triage', 'ER Sepsis Triage', 'LacticAcid', 'CRP', 'Leucocytes', 'IV Liquid', 'IV Antibiotics', 'Admission NC', 'Leucocytes', 'CRP', 'Release A')",2,234
613,"('ER Registration', 'ER Triage', 'ER Sepsis Triage', 'CRP', 'Leucocytes', 'LacticAcid', 'IV Liquid', 'IV Antibiotics', 'Admission NC', 'Leucocytes', 'CRP', 'Leucocytes', 'CRP', 'Release A')",2,236
282,"('ER Registration', 'ER Triage', 'ER Sepsis Triage', 'Leucocytes', 'CRP', 'LacticAcid', 'IV Liquid', 'IV Antibiotics', 'Admission NC', 'Admission NC', 'Leucocytes', 'CRP', 'Release A')",2,238
796,"('ER Registration', 'ER Triage', 'ER Sepsis Triage', 'LacticAcid', 'Leucocytes', 'CRP', 'IV Liquid', 'IV Antibiotics', 'Admission NC', 'CRP', 'Leucocytes', 'Leucocytes', 'CRP', 'Release A')",2,240
142,"('ER Registration', 'ER Triage', 'ER Sepsis Triage', 'Leucocytes', 'CRP', 'LacticAcid', 'IV Liquid', 'IV Antibiotics', 'Admission NC', 'Leucocytes', 'CRP', 'Admission NC', 'Leucocytes', 'CRP', 'Release A')",2,242
329,"('ER Registration', 'ER Triage', 'ER Sepsis Triage', 'IV Liquid', 'Leucocytes', 'CRP', 'LacticAcid', 'IV Antibiotics')",2,244
285,"('ER Registration', 'ER Triage', 'ER Sepsis Triage', 'Leucocytes', 'CRP', 'LacticAcid', 'IV Liquid', 'IV Antibiotics', 'Admission NC', 'Leucocytes', 'CRP', 'CRP', 'Leucocytes', 'Release A')",2,246
186,"('ER Registration', 'ER Triage', 'ER Sepsis Triage', 'Leucocytes', 'CRP', 'Admission NC', 'Leucocytes', 'CRP', 'Release A', 'Return ER')",2,248
185,"('ER Registration', 'ER Triage', 'ER Sepsis Triage', 'IV Liquid', 'IV Antibiotics', 'CRP', 'Leucocytes', 'LacticAcid')",2,250
423,"('ER Registration', 'ER Triage', 'ER Sepsis Triage', 'LacticAcid', 'Leucocytes', 'CRP', 'IV Liquid', 'IV Antibiotics', 'Admission NC', 'Leucocytes', 'CRP', 'CRP', 'Leucocytes', 'Release A')",2,252
122,"('ER Registration', 'ER Triage', 'ER Sepsis Triage', 'Leucocytes', 'CRP', 'LacticAcid', 'Admission NC', 'Release B')",2,254
411,"('ER Registration', 'ER Triage', 'ER Sepsis Triage', 'Leucocytes', 'Admission NC', 'Release A')",2,256
412,"('ER Registration', 'ER Triage', 'ER Sepsis Triage', 'IV Liquid', 'IV Antibiotics', 'Leucocytes', 'CRP', 'LacticAcid', 'Admission NC', 'CRP', 'Leucocytes', 'Leucocytes', 'CRP', 'Release A', 'Return ER')",2,258
407,"('ER Registration', 'ER Triage', 'ER Sepsis Triage', 'LacticAcid', 'CRP', 'Leucocytes', 'IV Liquid', 'IV Antibiotics')",2,260
458,"('ER Registration', 'ER Triage', 'ER Sepsis Triage', 'Leucocytes', 'CRP', 'IV Antibiotics', 'IV Liquid')",2,262
41,"('ER Registration', 'ER Triage', 'ER Sepsis Triage', 'Leucocytes', 'CRP', 'LacticAcid', 'IV Liquid', 'IV Antibiotics', 'Admission NC', 'CRP', 'Leucocytes', 'Release A')",2,264
464,"('ER Registration', 'ER Triage', 'ER Sepsis Triage', 'CRP', 'Leucocytes', 'LacticAcid')",2,266
461,"('ER Registration', 'ER Triage', 'ER Sepsis Triage', 'IV Liquid', 'LacticAcid', 'Leucocytes', 'CRP', 'IV Antibiotics', 'Admission IC', 'LacticAcid', 'CRP', 'Leucocytes', 'Admission NC', 'Admission NC', 'Release A')",1,267
585,"('ER Registration', 'IV Liquid', 'ER Triage', 'ER Sepsis Triage', 'IV Antibiotics', 'LacticAcid', 'Leucocytes', 'CRP', 'Admission NC', 'Release B')",1,268
586,"('ER Registration', 'ER Triage', 'ER Sepsis Triage', 'LacticAcid', 'Leucocytes', 'CRP', 'Admission NC', 'Leucocytes', 'CRP', 'Leucocytes', 'CRP', 'Leucocytes', 'CRP', 'CRP', 'Leucocytes', 'Leucocytes', 'CRP', 'CRP', 'Leucocytes', 'CRP', 'LacticAcid', 'CRP', 'Leucocytes', 'CRP', 'CRP', 'CRP', 'CRP', 'Leucocytes', 'CRP', 'Leucocytes', 'CRP', 'Release A', 'Return ER')",1,269
587,"('ER Registration', 'ER Triage', 'ER Sepsis Triage', 'IV Liquid', 'CRP', 'Leucocytes', 'LacticAcid', 'IV Antibiotics', 'Admission NC', 'Leucocytes', 'CRP', 'Leucocytes', 'CRP', 'Release A')",1,270
588,"('ER Registration', 'ER Triage', 'ER Sepsis Triage', 'Leucocytes', 'Leucocytes')",1,271
589,"('ER Registration', 'ER Triage', 'ER Sepsis Triage', 'Leucocytes', 'CRP', 'Admission NC', 'CRP', 'Leucocytes', 'Release A')",1,272
590,"('ER Registration', 'ER Triage', 'ER Sepsis Triage', 'IV Liquid', 'CRP', 'LacticAcid', 'Leucocytes', 'IV Antibiotics', 'Admission NC', 'Leucocytes', 'CRP', 'Admission NC', 'CRP', 'Leucocytes', 'Release A', 'Return ER')",1,273
462,"('ER Registration', 'ER Triage', 'ER Sepsis Triage', 'Leucocytes', 'LacticAcid', 'CRP', 'IV Antibiotics', 'Admission IC', 'CRP', 'LacticAcid', 'Leucocytes', 'Leucocytes', 'Leucocytes', 'Leucocytes', 'Leucocytes', 'CRP', 'LacticAcid', 'Leucocytes', 'CRP', 'LacticAcid', 'LacticAcid', 'CRP', 'Leucocytes', 'Admission NC', 'Leucocytes', 'CRP', 'Leucocytes', 'CRP', 'Leucocytes', 'CRP', 'CRP', 'Leucocytes', 'Leucocytes', 'CRP', 'Leucocytes', 'CRP', 'CRP', 'Leucocytes', 'Leucocytes', 'CRP', 'Leucocytes', 'CRP', 'Leucocytes', 'CRP', 'Leucocytes', 'CRP', 'Leucocytes', 'CRP', 'Leucocytes', 'CRP', 'Release A')",1,274
494,"('ER Registration', 'LacticAcid', 'Leucocytes', 'CRP', 'ER Triage', 'ER Sepsis Triage', 'IV Antibiotics')",1,275
591,"('ER Registration', 'ER Triage', 'ER Sepsis Triage', 'Leucocytes', 'LacticAcid', 'CRP', 'IV Liquid', 'IV Antibiotics', 'Admission NC', 'Admission NC', 'CRP', 'Leucocytes', 'Release A')",1,276
584,"('ER Registration', 'ER Triage', 'ER Sepsis Triage', 'Leucocytes', 'CRP', 'IV Liquid', 'IV Antibiotics')",1,277
593,"('ER Registration', 'ER Triage', 'ER Sepsis Triage', 'IV Liquid', 'IV Antibiotics', 'LacticAcid', 'Leucocytes', 'CRP', 'Admission NC', 'CRP', 'Leucocytes', 'Leucocytes', 'CRP', 'Leucocytes', 'Release A')",1,278
594,"('ER Registration', 'ER Triage', 'ER Sepsis Triage', 'LacticAcid', 'Leucocytes', 'CRP', 'Admission NC', 'CRP', 'Leucocytes', 'Release A')",1,279
595,"('ER Registration', 'ER Triage', 'ER Sepsis Triage', 'CRP', 'Leucocytes', 'LacticAcid', 'IV Antibiotics', 'Admission NC', 'Leucocytes', 'CRP', 'Leucocytes', 'CRP', 'CRP', 'Leucocytes', 'Leucocytes', 'CRP', 'Leucocytes', 'CRP', 'CRP', 'CRP', 'Release C', 'Return ER')",1,280
596,"('ER Registration', 'ER Triage', 'CRP', 'Leucocytes', 'ER Sepsis Triage', 'Admission NC', 'Release A')",1,281
597,"('ER Registration', 'ER Triage', 'Leucocytes', 'LacticAcid', 'CRP', 'ER Sepsis Triage', 'IV Liquid', 'IV Antibiotics', 'Admission NC', 'CRP', 'Leucocytes', 'Leucocytes', 'CRP', 'Leucocytes', 'CRP', 'CRP', 'Leucocytes', 'CRP', 'Leucocytes', 'Release B')",1,282
598,"('ER Registration', 'ER Sepsis Triage', 'ER Triage', 'CRP', 'Leucocytes', 'IV Liquid', 'IV Antibiotics', 'LacticAcid', 'Admission IC', 'Leucocytes', 'CRP', 'Leucocytes', 'LacticAcid', 'Leucocytes', 'CRP', 'LacticAcid', 'Leucocytes')",1,283
599,"('ER Registration', 'ER Triage', 'Leucocytes', 'CRP', 'ER Sepsis Triage', 'Admission NC', 'Leucocytes', 'CRP', 'Leucocytes', 'Leucocytes', 'CRP', 'CRP', 'Leucocytes', 'Release A')",1,284
592,"('ER Registration', 'ER Triage', 'ER Sepsis Triage', 'LacticAcid', 'CRP', 'Leucocytes', 'IV Antibiotics')",1,285
583,"('ER Registration', 'ER Triage', 'ER Sepsis Triage', 'CRP', 'Leucocytes', 'LacticAcid', 'IV Liquid', 'IV Antibiotics', 'Admission NC', 'LacticAcid', 'Admission NC', 'Leucocytes', 'CRP', 'Release A', 'Return ER')",1,286
463,"('ER Registration', 'ER Triage', 'ER Sepsis Triage', 'Leucocytes', 'CRP', 'IV Liquid', 'IV Antibiotics', 'Admission NC', 'Admission NC', 'CRP', 'Leucocytes', 'Leucocytes', 'CRP', 'CRP', 'Leucocytes', 'CRP', 'Leucocytes', 'CRP', 'Leucocytes', 'CRP', 'Leucocytes', 'CRP', 'CRP', 'Leucocytes', 'CRP', 'CRP', 'Leucocytes', 'Release A')",1,287
571,"('ER Registration', 'ER Triage', 'ER Sepsis Triage', 'LacticAcid', 'Leucocytes', 'CRP', 'IV Liquid', 'IV Antibiotics', 'Admission NC', 'CRP', 'Leucocytes', 'Admission NC', 'Leucocytes', 'CRP', 'CRP', 'Leucocytes', 'Release A')",1,288
565,"('Leucocytes', 'CRP', 'ER Registration', 'ER Triage', 'ER Sepsis Triage', 'IV Antibiotics', 'Admission NC', 'Leucocytes', 'CRP', 'Leucocytes', 'CRP', 'CRP', 'CRP', 'Leucocytes', 'CRP', 'Release A')",1,289
566,"('ER Registration', 'ER Triage', 'ER Sepsis Triage', 'Leucocytes', 'CRP', 'LacticAcid', 'IV Liquid', 'IV Antibiotics', 'Leucocytes', 'Admission NC', 'CRP', 'Leucocytes', 'Release A', 'Return ER')",1,290
567,"('ER Triage', 'ER Registration', 'Leucocytes', 'CRP', 'LacticAcid', 'ER Sepsis Triage', 'IV Antibiotics')",1,291
467,"('ER Registration', 'ER Triage', 'CRP', 'LacticAcid', 'Leucocytes', 'ER Sepsis Triage', 'IV Liquid', 'IV Antibiotics', 'Admission NC', 'CRP', 'Leucocytes', 'Leucocytes', 'CRP', 'Release A', 'Return ER')",1,292
466,"('ER Registration', 'ER Triage', 'ER Sepsis Triage', 'CRP', 'Leucocytes', 'LacticAcid', 'IV Liquid', 'IV Antibiotics', 'Admission NC', 'Admission NC', 'Release A')",1,293
568,"('ER Registration', 'Leucocytes', 'CRP', 'LacticAcid', 'ER Triage', 'ER Sepsis Triage', 'IV Liquid', 'IV Antibiotics', 'Admission NC', 'CRP', 'Leucocytes', 'CRP', 'Admission NC', 'Leucocytes', 'CRP', 'CRP', 'Leucocytes', 'Release A')",1,294
569,"('ER Registration', 'ER Triage', 'ER Sepsis Triage', 'IV Liquid', 'IV Antibiotics', 'Leucocytes', 'CRP', 'LacticAcid', 'Admission NC', 'CRP', 'Leucocytes', 'Admission NC', 'Leucocytes', 'CRP', 'Leucocytes', 'Release A')",1,295
570,"('ER Registration', 'ER Triage', 'ER Sepsis Triage', 'IV Liquid', 'Leucocytes', 'LacticAcid', 'CRP', 'IV Antibiotics', 'Admission NC', 'Leucocytes', 'CRP', 'Release A', 'Return ER')",1,296
465,"('ER Registration', 'ER Triage', 'ER Sepsis Triage', 'IV Liquid', 'CRP', 'Leucocytes', 'LacticAcid', 'IV Antibiotics', 'Admission NC', 'Leucocytes', 'Admission NC', 'CRP', 'LacticAcid', 'Leucocytes', 'LacticAcid', 'CRP', 'Leucocytes', 'LacticAcid', 'Admission IC', 'CRP', 'LacticAcid', 'Leucocytes', 'CRP', 'Leucocytes', 'LacticAcid', 'LacticAcid', 'Leucocytes', 'CRP', 'CRP', 'LacticAcid', 'Leucocytes', 'CRP', 'Leucocytes', 'LacticAcid', 'Leucocytes', 'CRP', 'LacticAcid', 'LacticAcid', 'CRP', 'Leucocytes', 'LacticAcid', 'Leucocytes', 'CRP', 'LacticAcid', 'Leucocytes', 'LacticAcid', 'CRP', 'Leucocytes', 'LacticAcid', 'CRP', 'Leucocytes', 'LacticAcid', 'LacticAcid', 'Leucocytes', 'CRP', 'Leucocytes', 'LacticAcid', 'CRP', 'CRP', 'LacticAcid', 'Leucocytes', 'CRP', 'Leucocytes', 'LacticAcid', 'CRP', 'Leucocytes', 'LacticAcid', 'Leucocytes', 'LacticAcid', 'CRP', 'CRP', 'Leucocytes', 'LacticAcid', 'CRP', 'Leucocytes', 'LacticAcid', 'LacticAcid', 'Leucocytes', 'CRP', 'Leucocytes', 'CRP', 'LacticAcid', 'Leucocytes', 'LacticAcid', 'CRP', 'CRP', 'LacticAcid', 'Leucocytes', 'Leucocytes', 'CRP', 'LacticAcid', 'Leucocytes', 'CRP', 'LacticAcid', 'Leucocytes', 'LacticAcid', 'CRP', 'Admission NC', 'Leucocytes', 'CRP', 'Leucocytes', 'CRP', 'CRP', 'Leucocytes', 'Leucocytes', 'CRP', 'Leucocytes', 'CRP', 'CRP', 'Leucocytes', 'Leucocytes', 'CRP', 'CRP', 'Leucocytes', 'Leucocytes', 'CRP', 'CRP', 'Leucocytes', 'CRP', 'Leucocytes', 'Leucocytes', 'CRP', 'Leucocytes', 'CRP', 'Leucocytes', 'Leucocytes', 'CRP', 'Admission NC', 'CRP', 'Leucocytes', 'Leucocytes', 'CRP', 'Leucocytes', 'CRP', 'Leucocytes', 'CRP', 'CRP', 'Leucocytes', 'CRP', 'Leucocytes', 'CRP', 'Leucocytes', 'Leucocytes', 'CRP', 'CRP', 'Leucocytes', 'Leucocytes', 'CRP', 'CRP', 'Leucocytes', 'Leucocytes', 'CRP', 'Leucocytes', 'CRP', 'CRP', 'Leucocytes', 'Leucocytes', 'Leucocytes', 'CRP', 'Leucocytes', 'CRP', 'Leucocytes', 'CRP', 'CRP', 'Leucocytes', 'CRP', 'Leucocytes', 'Leucocytes', 'CRP', 'Leucocytes', 'CRP', 'CRP', 'Leucocytes', 'Leucocytes', 'CRP', 'Leucocytes', 'CRP', 'CRP', 'Leucocytes', 'Leucocytes', 'CRP', 'Leucocytes', 'CRP', 'Leucocytes', 'Release C')",1,297
572,"('ER Registration', 'ER Triage', 'ER Sepsis Triage', 'LacticAcid', 'Leucocytes', 'CRP', 'IV Antibiotics', 'Admission NC', 'CRP', 'Release A')",1,298
582,"('ER Registration', 'ER Triage', 'ER Sepsis Triage', 'CRP', 'Leucocytes', 'IV Liquid', 'IV Antibiotics', 'Admission NC', 'Admission NC', 'CRP', 'CRP', 'Release A', 'Return ER')",1,299
573,"('ER Registration', 'ER Triage', 'ER Sepsis Triage', 'Leucocytes', 'CRP', 'LacticAcid', 'IV Liquid', 'IV Antibiotics', 'Admission NC', 'Leucocytes', 'CRP')",1,300
574,"('ER Registration', 'ER Triage', 'ER Sepsis Triage', 'IV Liquid', 'LacticAcid', 'CRP', 'Leucocytes', 'IV Antibiotics', 'Admission NC', 'Admission NC', 'Leucocytes', 'CRP', 'LacticAcid', 'Leucocytes', 'CRP', 'CRP', 'Leucocytes', 'Release A', 'Return ER')",1,301
575,"('ER Registration', 'ER Triage', 'ER Sepsis Triage', 'CRP', 'Leucocytes', 'LacticAcid', 'IV Liquid', 'IV Antibiotics', 'Admission NC')",1,302
576,"('ER Registration', 'ER Triage', 'ER Sepsis Triage', 'LacticAcid', 'CRP', 'Leucocytes', 'IV Antibiotics', 'IV Liquid', 'Admission NC', 'Admission NC', 'Leucocytes', 'CRP', 'Release A', 'Return ER')",1,303
577,"('ER Registration', 'ER Triage', 'ER Sepsis Triage', 'IV Liquid', 'CRP', 'Leucocytes', 'LacticAcid', 'IV Antibiotics', 'Admission NC', 'CRP', 'Leucocytes', 'Leucocytes', 'CRP', 'Admission NC', 'Admission NC', 'Admission NC', 'CRP', 'Leucocytes', 'Admission NC', 'Leucocytes', 'Leucocytes', 'CRP', 'CRP', 'Leucocytes', 'Leucocytes', 'CRP', 'Leucocytes', 'CRP', 'Release B')",1,304
578,"('ER Registration', 'LacticAcid', 'Leucocytes', 'CRP', 'ER Triage', 'ER Sepsis Triage', 'Admission NC', 'Leucocytes', 'CRP', 'CRP', 'Leucocytes', 'Release A')",1,305
579,"('ER Registration', 'ER Triage', 'ER Sepsis Triage', 'LacticAcid', 'CRP', 'Leucocytes', 'IV Antibiotics', 'Admission NC', 'Leucocytes', 'Release A')",1,306
580,"('ER Registration', 'ER Triage', 'ER Sepsis Triage', 'CRP', 'Leucocytes', 'LacticAcid', 'IV Liquid', 'IV Antibiotics', 'Admission IC', 'CRP', 'Leucocytes', 'LacticAcid', 'Admission NC', 'Admission NC', 'Leucocytes', 'CRP', 'Release D')",1,307
581,"('ER Registration', 'ER Triage', 'ER Sepsis Triage', 'CRP', 'Leucocytes', 'LacticAcid', 'IV Antibiotics', 'Admission NC', 'Leucocytes', 'CRP', 'Leucocytes', 'CRP', 'Release A')",1,308
600,"('IV Liquid', 'ER Registration', 'ER Triage', 'ER Sepsis Triage', 'Leucocytes', 'CRP', 'LacticAcid', 'IV Antibiotics', 'Admission NC', 'Release A', 'Return ER')",1,309
601,"('ER Registration', 'ER Triage', 'ER Sepsis Triage', 'IV Liquid', 'Leucocytes', 'LacticAcid', 'CRP', 'IV Antibiotics', 'Admission NC', 'Release A', 'Return ER')",1,310
563,"('ER Registration', 'ER Triage', 'ER Sepsis Triage', 'Leucocytes', 'CRP', 'LacticAcid', 'IV Antibiotics', 'IV Liquid', 'Admission NC', 'Leucocytes', 'CRP', 'Leucocytes', 'CRP', 'Release A')",1,311
451,"('ER Registration', 'ER Triage', 'ER Sepsis Triage', 'IV Liquid', 'IV Antibiotics', 'CRP', 'LacticAcid', 'Leucocytes', 'Admission NC', 'Leucocytes', 'CRP', 'CRP', 'Leucocytes', 'Release A')",1,312
620,"('ER Registration', 'ER Triage', 'ER Sepsis Triage', 'IV Liquid', 'IV Antibiotics', 'Leucocytes', 'LacticAcid', 'CRP', 'Admission IC', 'Leucocytes', 'LacticAcid', 'CRP', 'Admission NC', 'CRP', 'Leucocytes', 'Leucocytes', 'Release A')",1,313
621,"('ER Registration', 'ER Triage', 'ER Sepsis Triage', 'LacticAcid', 'Leucocytes', 'CRP', 'IV Liquid', 'IV Antibiotics', 'Admission NC', 'CRP', 'Leucocytes', 'Admission NC', 'CRP', 'Leucocytes', 'Leucocytes', 'CRP', 'CRP', 'Release A')",1,314
622,"('ER Registration', 'Leucocytes', 'CRP', 'LacticAcid', 'IV Liquid', 'ER Triage', 'ER Sepsis Triage', 'IV Antibiotics')",1,315
623,"('ER Registration', 'ER Triage', 'LacticAcid', 'CRP', 'Leucocytes', 'IV Liquid', 'ER Sepsis Triage', 'Admission NC', 'IV Antibiotics', 'CRP', 'CRP', 'Leucocytes', 'CRP', 'Leucocytes', 'Release A', 'Return ER')",1,316
624,"('ER Registration', 'ER Triage', 'ER Sepsis Triage', 'IV Antibiotics', 'CRP', 'LacticAcid', 'Leucocytes', 'Admission NC', 'Leucocytes', 'CRP', 'Release A', 'Return ER')",1,317
625,"('ER Registration', 'ER Triage', 'LacticAcid', 'CRP', 'Leucocytes', 'ER Sepsis Triage', 'IV Liquid', 'IV Antibiotics', 'Admission NC', 'CRP', 'Leucocytes', 'Leucocytes', 'CRP', 'Admission NC', 'Leucocytes', 'CRP', 'Leucocytes', 'Leucocytes', 'CRP', 'Leucocytes', 'CRP', 'Leucocytes', 'CRP', 'Leucocytes', 'CRP', 'CRP', 'Leucocytes', 'CRP', 'Leucocytes', 'CRP', 'Release C', 'Return ER')",1,318
626,"('ER Registration', 'ER Triage', 'Leucocytes', 'CRP', 'LacticAcid', 'ER Sepsis Triage', 'IV Antibiotics', 'IV Liquid', 'Admission NC', 'Admission NC', 'CRP', 'Leucocytes', 'Leucocytes', 'CRP', 'Release A', 'Return ER')",1,319
452,"('ER Registration', 'ER Triage', 'Leucocytes', 'CRP', 'LacticAcid', 'ER Sepsis Triage', 'IV Liquid', 'IV Antibiotics', 'Admission NC', 'CRP', 'Leucocytes', 'Admission NC', 'CRP', 'Leucocytes', 'CRP', 'Release A')",1,320
627,"('ER Registration', 'ER Triage', 'ER Sepsis Triage', 'IV Liquid', 'LacticAcid', 'Leucocytes', 'CRP', 'IV Antibiotics', 'Admission NC', 'Leucocytes', 'CRP', 'Leucocytes', 'CRP', 'CRP', 'Leucocytes', 'CRP', 'Leucocytes', 'Leucocytes', 'CRP', 'Leucocytes', 'CRP', 'CRP', 'Leucocytes', 'Release A')",1,321
628,"('ER Registration', 'ER Triage', 'ER Sepsis Triage', 'Leucocytes', 'LacticAcid', 'CRP', 'IV Antibiotics', 'IV Liquid', 'Admission IC', 'CRP', 'LacticAcid', 'Leucocytes', 'LacticAcid', 'Leucocytes', 'LacticAcid', 'CRP', 'Leucocytes', 'LacticAcid', 'LacticAcid', 'Leucocytes', 'CRP', 'LacticAcid', 'Admission NC', 'Leucocytes', 'CRP', 'CRP', 'CRP', 'CRP', 'Leucocytes', 'CRP', 'Leucocytes', 'CRP', 'Leucocytes', 'CRP', 'Leucocytes', 'CRP', 'Leucocytes', 'Admission NC', 'Release A', 'Return ER')",1,322
602,"('Leucocytes', 'CRP', 'ER Registration', 'ER Triage', 'ER Sepsis Triage', 'IV Antibiotics', 'Admission NC', 'CRP', 'Leucocytes', 'Admission NC', 'CRP', 'Leucocytes', 'Admission NC', 'Admission IC', 'Leucocytes', 'LacticAcid', 'CRP', 'CRP', 'LacticAcid', 'Leucocytes', 'Leucocytes', 'Leucocytes', 'LacticAcid', 'CRP', 'Admission NC', 'Leucocytes', 'CRP', 'Leucocytes', 'CRP', 'Leucocytes', 'CRP', 'CRP', 'Leucocytes', 'Release A')",1,323
629,"('ER Registration', 'ER Triage', 'ER Sepsis Triage', 'CRP', 'Leucocytes', 'IV Liquid', 'IV Antibiotics', 'Admission IC', 'Admission NC', 'Leucocytes', 'CRP', 'Leucocytes', 'CRP', 'Leucocytes', 'CRP', 'Release A')",1,324
630,"('ER Registration', 'ER Triage', 'Leucocytes', 'CRP', 'LacticAcid', 'ER Sepsis Triage', 'IV Liquid', 'IV Antibiotics', 'Admission NC', 'Leucocytes', 'CRP', 'CRP', 'CRP', 'Leucocytes', 'Release A', 'Return ER')",1,325
631,"('ER Registration', 'ER Triage', 'ER Sepsis Triage', 'Leucocytes', 'CRP', 'Admission IC', 'Leucocytes', 'Leucocytes', 'Leucocytes', 'CRP', 'CRP', 'Release B')",1,326
632,"('ER Registration', 'ER Triage', 'ER Sepsis Triage', 'IV Liquid', 'CRP', 'LacticAcid', 'Leucocytes', 'IV Antibiotics', 'Admission NC', 'CRP', 'Leucocytes', 'CRP', 'Release A')",1,327
633,"('ER Registration', 'ER Triage', 'ER Sepsis Triage', 'CRP', 'Leucocytes', 'LacticAcid', 'IV Liquid', 'IV Antibiotics', 'Admission NC', 'Leucocytes', 'CRP', 'Release A', 'Return ER')",1,328
634,"('ER Registration', 'ER Triage', 'ER Sepsis Triage', 'IV Liquid', 'LacticAcid', 'CRP', 'Leucocytes', 'IV Antibiotics', 'Admission NC', 'CRP', 'LacticAcid', 'Leucocytes', 'Admission NC', 'Leucocytes', 'CRP', 'Release A', 'Return ER')",1,329
635,"('ER Registration', 'ER Triage', 'ER Sepsis Triage', 'Leucocytes', 'LacticAcid', 'CRP', 'IV Liquid', 'IV Antibiotics', 'Admission NC', 'Release B')",1,330
636,"('ER Registration', 'ER Triage', 'ER Sepsis Triage', 'IV Liquid', 'IV Antibiotics', 'Leucocytes', 'CRP', 'LacticAcid', 'Admission NC', 'LacticAcid', 'Leucocytes', 'CRP', 'Admission NC', 'Admission NC', 'Leucocytes', 'CRP', 'Leucocytes', 'CRP', 'Release A')",1,331
637,"('ER Registration', 'ER Triage', 'ER Sepsis Triage', 'Leucocytes', 'LacticAcid', 'CRP', 'IV Liquid', 'IV Antibiotics', 'Admission NC', 'Leucocytes', 'CRP', 'LacticAcid', 'CRP', 'Leucocytes', 'Admission NC', 'CRP', 'Leucocytes', 'Leucocytes', 'CRP', 'Release A')",1,332
619,"('ER Registration', 'ER Triage', 'ER Sepsis Triage', 'Leucocytes', 'LacticAcid', 'CRP', 'IV Antibiotics', 'Admission NC', 'CRP', 'Leucocytes', 'Release A', 'Return ER')",1,333
618,"('ER Registration', 'ER Triage', 'CRP', 'LacticAcid', 'Leucocytes', 'ER Sepsis Triage', 'IV Liquid', 'IV Antibiotics', 'Admission IC', 'Leucocytes', 'CRP', 'LacticAcid', 'CRP', 'Leucocytes', 'LacticAcid', 'Release B')",1,334
617,"('ER Registration', 'ER Triage', 'ER Sepsis Triage', 'IV Liquid', 'CRP', 'LacticAcid', 'Leucocytes', 'IV Antibiotics', 'Admission NC', 'ER Triage', 'Leucocytes', 'CRP', 'CRP', 'Leucocytes', 'Release A', 'Return ER')",1,335
453,"('ER Registration', 'ER Triage', 'ER Sepsis Triage', 'LacticAcid', 'CRP', 'Leucocytes', 'IV Liquid', 'IV Antibiotics', 'Admission NC', 'LacticAcid', 'Leucocytes', 'CRP', 'Leucocytes', 'CRP', 'CRP', 'Leucocytes', 'CRP', 'Leucocytes', 'CRP', 'Leucocytes', 'CRP', 'CRP', 'Leucocytes', 'Leucocytes', 'CRP', 'Leucocytes', 'CRP', 'Admission NC', 'Admission NC', 'Release B')",1,336
460,"('ER Registration', 'ER Triage', 'ER Sepsis Triage', 'CRP', 'Leucocytes', 'LacticAcid', 'IV Antibiotics', 'Admission NC', 'Admission NC', 'IV Liquid', 'CRP', 'Leucocytes', 'Leucocytes', 'CRP', 'Leucocytes', 'Release A')",1,337
603,"('CRP', 'ER Registration', 'ER Triage', 'ER Sepsis Triage', 'IV Liquid', 'LacticAcid', 'Leucocytes', 'CRP', 'IV Antibiotics', 'Admission NC', 'Admission IC', 'Leucocytes', 'LacticAcid', 'CRP', 'LacticAcid', 'CRP', 'Leucocytes', 'Admission NC', 'Leucocytes', 'CRP', 'Leucocytes', 'CRP', 'Release A')",1,338
604,"('ER Registration', 'ER Triage', 'ER Sepsis Triage', 'Leucocytes', 'CRP', 'IV Liquid', 'IV Antibiotics', 'Admission NC', 'Leucocytes', 'CRP', 'Admission NC', 'CRP', 'CRP', 'Release A')",1,339
459,"('IV Liquid', 'ER Registration', 'ER Triage', 'ER Sepsis Triage', 'IV Antibiotics', 'Leucocytes', 'CRP', 'LacticAcid', 'Admission NC', 'Admission NC', 'CRP', 'Leucocytes', 'CRP', 'Leucocytes', 'CRP', 'Release A', 'Return ER')",1,340
605,"('ER Registration', 'ER Triage', 'ER Sepsis Triage', 'Leucocytes', 'CRP', 'LacticAcid', 'IV Liquid', 'IV Antibiotics', 'Admission NC', 'Admission IC', 'LacticAcid', 'Leucocytes', 'CRP', 'Admission NC', 'Leucocytes', 'CRP', 'Leucocytes', 'Release A', 'Return ER')",1,341
606,"('ER Registration', 'ER Triage', 'ER Sepsis Triage', 'IV Liquid', 'CRP', 'LacticAcid', 'Leucocytes', 'IV Antibiotics', 'Admission NC', 'CRP', 'Leucocytes', 'CRP', 'Release A', 'Return ER')",1,342
607,"('ER Registration', 'ER Triage', 'ER Sepsis Triage', 'CRP', 'Leucocytes', 'Admission NC', 'CRP', 'Leucocytes', 'Leucocytes', 'CRP', 'Release E')",1,343
608,"('ER Registration', 'ER Triage', 'ER Sepsis Triage', 'IV Liquid', 'IV Antibiotics', 'Leucocytes', 'CRP', 'LacticAcid', 'Admission NC', 'CRP', 'Admission NC', 'CRP', 'Release A', 'Return ER')",1,344
609,"('ER Registration', 'ER Triage', 'ER Sepsis Triage', 'Leucocytes', 'LacticAcid', 'CRP', 'IV Liquid', 'IV Antibiotics', 'Admission NC', 'LacticAcid', 'Admission NC', 'Leucocytes', 'CRP', 'Release A')",1,345
610,"('ER Registration', 'ER Triage', 'ER Sepsis Triage', 'CRP', 'LacticAcid', 'Leucocytes', 'IV Antibiotics', 'IV Liquid', 'LacticAcid')",1,346
611,"('ER Registration', 'IV Liquid', 'ER Triage', 'ER Sepsis Triage', 'Leucocytes', 'CRP', 'LacticAcid', 'IV Antibiotics', 'Admission IC', 'Leucocytes', 'CRP', 'LacticAcid', 'Admission NC', 'Leucocytes', 'Admission NC', 'Release A', 'Return ER')",1,347
612,"('ER Registration', 'ER Triage', 'CRP', 'LacticAcid', 'Leucocytes', 'ER Sepsis Triage', 'IV Antibiotics', 'IV Liquid', 'Admission NC', 'Leucocytes', 'CRP', 'Leucocytes', 'CRP', 'Release A')",1,348
457,"('ER Registration', 'ER Triage', 'ER Sepsis Triage', 'Leucocytes', 'LacticAcid', 'CRP', 'IV Liquid', 'IV Antibiotics', 'Admission NC', 'CRP', 'Leucocytes', 'LacticAcid', 'Admission NC', 'CRP', 'Leucocytes', 'CRP', 'CRP', 'Leucocytes', 'CRP', 'Leucocytes', 'Release A')",1,349
456,"('ER Registration', 'ER Triage', 'ER Sepsis Triage', 'IV Antibiotics', 'IV Liquid', 'Leucocytes', 'CRP', 'LacticAcid', 'Admission NC', 'Admission NC', 'Leucocytes', 'CRP', 'CRP', 'Leucocytes', 'Leucocytes', 'Leucocytes', 'Leucocytes', 'Leucocytes', 'CRP', 'LacticAcid', 'Leucocytes', 'CRP', 'Leucocytes', 'Release C')",1,350
614,"('ER Registration', 'ER Triage', 'ER Sepsis Triage', 'IV Liquid', 'CRP', 'LacticAcid', 'Leucocytes', 'IV Antibiotics', 'Admission NC', 'Release A')",1,351
455,"('ER Registration', 'ER Triage', 'ER Sepsis Triage', 'CRP', 'LacticAcid', 'Leucocytes', 'Admission NC', 'IV Liquid', 'IV Antibiotics', 'CRP', 'Leucocytes', 'Release A')",1,352
615,"('ER Registration', 'ER Triage', 'ER Sepsis Triage', 'IV Antibiotics', 'CRP', 'Leucocytes', 'LacticAcid', 'Admission NC', 'Release A', 'Return ER')",1,353
454,"('ER Registration', 'ER Triage', 'ER Sepsis Triage', 'Leucocytes', 'CRP', 'LacticAcid', 'IV Antibiotics', 'Admission NC', 'CRP', 'Leucocytes', 'Leucocytes', 'CRP', 'Release A', 'Return ER')",1,354
616,"('ER Registration', 'ER Triage', 'CRP', 'LacticAcid', 'Leucocytes', 'ER Sepsis Triage', 'IV Antibiotics', 'IV Liquid', 'Admission NC', 'Admission NC', 'Release A', 'Return ER')",1,355
564,"('ER Registration', 'LacticAcid', 'Leucocytes', 'CRP', 'ER Triage', 'ER Sepsis Triage', 'IV Liquid', 'IV Antibiotics', 'Leucocytes')",1,356
468,"('ER Registration', 'ER Triage', 'ER Sepsis Triage', 'LacticAcid', 'CRP', 'Leucocytes', 'IV Liquid', 'IV Antibiotics', 'Admission NC', 'Leucocytes', 'CRP', 'Release A', 'Return ER')",1,357
562,"('ER Registration', 'ER Triage', 'ER Sepsis Triage', 'IV Antibiotics', 'IV Liquid', 'Leucocytes', 'CRP', 'LacticAcid', 'Admission NC', 'CRP', 'Leucocytes', 'Admission NC', 'CRP', 'Leucocytes', 'Release A', 'Return ER')",1,358
512,"('ER Registration', 'ER Triage', 'Leucocytes', 'CRP', 'LacticAcid', 'ER Sepsis Triage', 'IV Antibiotics', 'Admission NC', 'IV Liquid')",1,359
514,"('ER Registration', 'ER Triage', 'ER Sepsis Triage', 'CRP', 'LacticAcid', 'Leucocytes', 'IV Antibiotics', 'IV Liquid', 'Admission NC', 'CRP', 'Leucocytes', 'CRP', 'Release A', 'Return ER')",1,360
515,"('ER Registration', 'ER Triage', 'ER Sepsis Triage', 'Leucocytes', 'CRP', 'Admission NC', 'CRP', 'CRP', 'Leucocytes', 'CRP', 'Leucocytes', 'Leucocytes', 'CRP', 'Leucocytes', 'CRP', 'Release A')",1,361
488,"('ER Registration', 'ER Triage', 'CRP', 'LacticAcid', 'Leucocytes', 'ER Sepsis Triage', 'IV Liquid', 'IV Antibiotics', 'Admission NC', 'CRP', 'Leucocytes', 'Leucocytes', 'CRP', 'Leucocytes', 'CRP', 'Release A')",1,362
516,"('ER Registration', 'ER Triage', 'ER Sepsis Triage', 'Leucocytes', 'CRP', 'LacticAcid', 'IV Liquid', 'IV Antibiotics', 'Leucocytes', 'CRP')",1,363
518,"('ER Registration', 'ER Triage', 'ER Sepsis Triage', 'IV Liquid', 'IV Antibiotics', 'CRP', 'Leucocytes', 'LacticAcid', 'Admission IC', 'LacticAcid', 'Release B')",1,364
519,"('ER Registration', 'ER Triage', 'ER Sepsis Triage', 'Leucocytes', 'CRP', 'LacticAcid', 'Admission NC', 'Leucocytes', 'CRP', 'LacticAcid')",1,365
520,"('ER Registration', 'Leucocytes', 'LacticAcid', 'CRP', 'ER Triage', 'ER Sepsis Triage', 'IV Liquid', 'IV Antibiotics', 'Leucocytes')",1,366
521,"('ER Registration', 'ER Triage', 'ER Sepsis Triage', 'Leucocytes', 'CRP', 'LacticAcid', 'IV Liquid', 'IV Antibiotics', 'Admission NC', 'Admission NC', 'CRP', 'Leucocytes', 'LacticAcid', 'Leucocytes', 'CRP', 'Release A')",1,367
487,"('ER Registration', 'ER Triage', 'ER Sepsis Triage', 'Leucocytes', 'CRP', 'LacticAcid', 'IV Antibiotics', 'Admission NC', 'CRP', 'Leucocytes', 'Admission IC', 'Leucocytes', 'CRP', 'LacticAcid', 'Leucocytes', 'CRP', 'LacticAcid', 'LacticAcid', 'CRP', 'Leucocytes', 'Leucocytes', 'CRP', 'LacticAcid', 'CRP', 'LacticAcid', 'Leucocytes', 'LacticAcid', 'CRP', 'Leucocytes', 'LacticAcid', 'Leucocytes', 'CRP', 'Leucocytes', 'LacticAcid', 'CRP', 'Admission NC', 'Release A')",1,368
523,"('ER Registration', 'ER Triage', 'ER Sepsis Triage', 'IV Liquid', 'IV Antibiotics', 'Leucocytes', 'LacticAcid', 'CRP', 'Admission IC', 'LacticAcid', 'CRP', 'LacticAcid', 'Leucocytes', 'LacticAcid', 'CRP', 'Leucocytes', 'Admission NC', 'Leucocytes', 'CRP', 'Release A')",1,369
524,"('ER Registration', 'IV Liquid', 'ER Sepsis Triage', 'IV Antibiotics', 'ER Triage', 'LacticAcid', 'CRP', 'Leucocytes', 'Admission NC', 'Leucocytes', 'CRP', 'Release A', 'Return ER')",1,370
525,"('ER Registration', 'ER Triage', 'ER Sepsis Triage', 'IV Liquid', 'IV Antibiotics', 'LacticAcid', 'Leucocytes', 'CRP', 'Admission NC', 'Admission NC', 'Admission IC', 'Leucocytes', 'CRP', 'LacticAcid', 'LacticAcid', 'LacticAcid', 'Leucocytes', 'CRP', 'Admission NC', 'Leucocytes', 'CRP', 'Release A', 'Return ER')",1,371
526,"('ER Registration', 'CRP', 'LacticAcid', 'Leucocytes', 'IV Liquid', 'ER Triage', 'ER Sepsis Triage', 'IV Antibiotics')",1,372
486,"('ER Registration', 'ER Triage', 'ER Sepsis Triage', 'IV Liquid', 'IV Antibiotics', 'LacticAcid', 'CRP', 'Leucocytes', 'Leucocytes', 'CRP', 'LacticAcid')",1,373
527,"('ER Registration', 'ER Triage', 'ER Sepsis Triage', 'CRP', 'Leucocytes', 'LacticAcid', 'Admission NC', 'IV Liquid', 'IV Antibiotics', 'CRP', 'Release A')",1,374
528,"('ER Registration', 'ER Triage', 'ER Sepsis Triage', 'Leucocytes', 'CRP', 'LacticAcid', 'IV Liquid', 'IV Antibiotics', 'Admission NC', 'Leucocytes', 'CRP', 'Admission NC', 'Leucocytes', 'CRP', 'CRP', 'CRP', 'Leucocytes', 'Leucocytes', 'CRP', 'Leucocytes', 'Admission IC', 'Leucocytes', 'CRP', 'LacticAcid', 'Leucocytes', 'Leucocytes', 'Leucocytes', 'LacticAcid', 'Leucocytes', 'CRP', 'Leucocytes', 'Leucocytes', 'Leucocytes', 'Leucocytes', 'CRP', 'LacticAcid', 'Leucocytes', 'Leucocytes', 'CRP', 'LacticAcid', 'Admission NC', 'Leucocytes', 'CRP', 'Release A', 'Return ER')",1,375
485,"('ER Registration', 'ER Triage', 'ER Sepsis Triage', 'IV Liquid', 'CRP', 'Leucocytes', 'LacticAcid', 'IV Antibiotics', 'Admission NC', 'Release A', 'Return ER')",1,376
529,"('ER Registration', 'ER Triage', 'ER Sepsis Triage', 'Leucocytes', 'CRP', 'LacticAcid', 'IV Liquid', 'IV Antibiotics', 'Admission NC', 'LacticAcid', 'CRP', 'CRP', 'LacticAcid', 'Leucocytes', 'Leucocytes', 'CRP', 'Leucocytes', 'CRP', 'Release B')",1,377
530,"('ER Registration', 'ER Triage', 'ER Sepsis Triage', 'IV Liquid', 'IV Antibiotics', 'LacticAcid', 'CRP', 'Leucocytes')",1,378
513,"('ER Registration', 'ER Triage', 'ER Sepsis Triage', 'CRP', 'Leucocytes', 'LacticAcid', 'IV Liquid', 'IV Antibiotics', 'Admission NC', 'CRP', 'Leucocytes', 'CRP', 'Leucocytes', 'CRP', 'Leucocytes', 'Release A')",1,379
489,"('ER Registration', 'ER Triage', 'ER Sepsis Triage', 'CRP', 'LacticAcid', 'Leucocytes', 'Admission NC', 'CRP', 'Leucocytes', 'LacticAcid', 'Leucocytes', 'CRP', 'Release A')",1,380
532,"('ER Registration', 'ER Triage', 'Leucocytes', 'LacticAcid', 'CRP', 'ER Sepsis Triage', 'IV Antibiotics', 'Admission NC', 'Admission NC', 'Leucocytes', 'CRP', 'CRP', 'Leucocytes', 'Release A', 'Return ER')",1,381
511,"('ER Registration', 'Leucocytes', 'LacticAcid', 'CRP', 'ER Triage', 'ER Sepsis Triage', 'IV Liquid', 'IV Antibiotics', 'Admission NC', 'Admission NC', 'CRP', 'Leucocytes', 'Release A', 'Return ER')",1,382
495,"('ER Registration', 'ER Triage', 'ER Sepsis Triage', 'CRP', 'LacticAcid', 'Leucocytes', 'Admission NC', 'Admission NC', 'Release A')",1,383
496,"('ER Registration', 'ER Triage', 'ER Sepsis Triage', 'IV Liquid', 'LacticAcid', 'Leucocytes', 'CRP', 'IV Antibiotics', 'Admission NC', 'Admission NC', 'CRP', 'Leucocytes', 'Release A')",1,384
497,"('ER Registration', 'ER Triage', 'ER Sepsis Triage', 'CRP', 'Leucocytes', 'LacticAcid', 'IV Antibiotics', 'IV Liquid', 'Admission NC', 'Leucocytes', 'CRP', 'Admission NC', 'Leucocytes', 'CRP', 'Release A', 'Return ER')",1,385
498,"('ER Registration', 'ER Triage', 'CRP', 'Leucocytes', 'LacticAcid', 'ER Sepsis Triage', 'IV Liquid', 'IV Antibiotics', 'Admission NC', 'Leucocytes', 'CRP', 'CRP', 'Release A')",1,386
499,"('ER Registration', 'ER Triage', 'ER Sepsis Triage', 'LacticAcid', 'CRP', 'Leucocytes')",1,387
500,"('ER Registration', 'ER Triage', 'ER Sepsis Triage', 'Leucocytes', 'LacticAcid', 'CRP', 'IV Antibiotics', 'IV Liquid', 'Admission NC', 'Admission NC', 'Leucocytes', 'CRP', 'CRP', 'Leucocytes', 'Release A')",1,388
501,"('ER Registration', 'Leucocytes', 'CRP', 'LacticAcid', 'ER Triage', 'ER Sepsis Triage', 'IV Antibiotics', 'Admission IC', 'LacticAcid', 'Leucocytes', 'CRP', 'LacticAcid', 'Leucocytes', 'CRP', 'CRP', 'Leucocytes', 'LacticAcid', 'Admission NC', 'Leucocytes', 'CRP', 'Leucocytes', 'CRP', 'Release A')",1,389
502,"('ER Registration', 'ER Triage', 'ER Sepsis Triage', 'LacticAcid', 'CRP', 'Leucocytes', 'IV Antibiotics', 'IV Liquid', 'Admission NC', 'Leucocytes', 'CRP', 'Leucocytes', 'Leucocytes', 'CRP', 'CRP', 'Leucocytes', 'Leucocytes', 'Release A', 'Return ER')",1,390
492,"('ER Registration', 'ER Triage', 'ER Sepsis Triage', 'IV Liquid', 'IV Antibiotics', 'CRP', 'Leucocytes', 'LacticAcid', 'Admission NC', 'Leucocytes', 'CRP', 'Leucocytes', 'CRP', 'Leucocytes', 'CRP', 'Admission NC', 'Leucocytes', 'CRP', 'CRP', 'Leucocytes', 'Leucocytes', 'CRP', 'Release D')",1,391
491,"('ER Registration', 'CRP', 'Leucocytes', 'ER Triage', 'ER Sepsis Triage', 'IV Liquid', 'IV Antibiotics', 'Admission IC', 'LacticAcid', 'CRP', 'Leucocytes', 'LacticAcid', 'LacticAcid', 'Leucocytes', 'CRP', 'CRP', 'Leucocytes', 'LacticAcid', 'Leucocytes', 'CRP', 'LacticAcid', 'CRP', 'LacticAcid', 'Leucocytes', 'Leucocytes', 'CRP', 'LacticAcid', 'Leucocytes', 'LacticAcid', 'CRP', 'CRP', 'LacticAcid', 'Leucocytes', 'Leucocytes', 'CRP', 'LacticAcid', 'CRP', 'Leucocytes', 'LacticAcid', 'CRP', 'Leucocytes', 'LacticAcid', 'LacticAcid', 'Leucocytes', 'CRP', 'LacticAcid', 'CRP', 'Leucocytes', 'Leucocytes', 'CRP', 'LacticAcid', 'LacticAcid', 'Leucocytes', 'CRP', 'CRP', 'Leucocytes', 'LacticAcid', 'Leucocytes', 'CRP', 'LacticAcid', 'CRP', 'LacticAcid', 'Leucocytes', 'LacticAcid', 'CRP', 'Leucocytes', 'Leucocytes', 'CRP', 'LacticAcid', 'LacticAcid', 'CRP', 'Leucocytes', 'LacticAcid', 'Leucocytes', 'CRP', 'Leucocytes', 'CRP', 'LacticAcid', 'Leucocytes', 'LacticAcid', 'CRP', 'CRP', 'Leucocytes', 'LacticAcid', 'CRP', 'LacticAcid', 'Leucocytes', 'Leucocytes', 'CRP', 'Leucocytes', 'LacticAcid', 'Leucocytes', 'CRP', 'LacticAcid', 'Leucocytes', 'LacticAcid', 'CRP', 'LacticAcid', 'Leucocytes', 'CRP', 'CRP', 'LacticAcid', 'Leucocytes', 'Leucocytes', 'CRP', 'LacticAcid', 'LacticAcid', 'LacticAcid', 'CRP', 'Leucocytes', 'Leucocytes', 'Leucocytes', 'CRP', 'LacticAcid', 'CRP', 'LacticAcid', 'Leucocytes', 'Release B')",1,392
503,"('ER Registration', 'ER Triage', 'ER Sepsis Triage', 'CRP', 'Leucocytes', 'Admission NC', 'Leucocytes', 'CRP', 'CRP', 'Leucocytes', 'Release A', 'Return ER')",1,393
504,"('ER Registration', 'ER Triage', 'ER Sepsis Triage', 'CRP', 'Leucocytes', 'LacticAcid', 'IV Liquid', 'IV Antibiotics', 'Admission NC', 'Leucocytes', 'LacticAcid', 'CRP', 'Admission NC', 'CRP', 'Leucocytes', 'Leucocytes', 'CRP', 'Release A', 'Return ER')",1,394
505,"('ER Sepsis Triage', 'ER Registration', 'ER Triage', 'IV Liquid', 'IV Antibiotics', 'CRP', 'LacticAcid', 'Leucocytes', 'Admission IC', 'LacticAcid', 'Leucocytes', 'CRP', 'LacticAcid', 'Leucocytes', 'CRP', 'LacticAcid', 'Leucocytes', 'CRP', 'LacticAcid', 'Admission NC', 'CRP', 'Leucocytes', 'CRP', 'Leucocytes', 'Release A', 'Return ER')",1,395
506,"('ER Registration', 'ER Triage', 'LacticAcid', 'Leucocytes', 'CRP', 'ER Sepsis Triage', 'IV Liquid', 'IV Antibiotics', 'Admission NC', 'Leucocytes', 'CRP', 'Admission NC', 'CRP', 'Leucocytes', 'Release A')",1,396
507,"('ER Registration', 'ER Triage', 'ER Sepsis Triage', 'Leucocytes', 'CRP', 'LacticAcid', 'IV Antibiotics', 'Admission NC', 'Leucocytes', 'CRP', 'Release A')",1,397
508,"('ER Registration', 'ER Triage', 'ER Sepsis Triage', 'IV Antibiotics', 'Leucocytes', 'LacticAcid', 'CRP', 'Admission NC', 'CRP', 'CRP', 'Leucocytes', 'Release A')",1,398
490,"('ER Registration', 'ER Triage', 'ER Sepsis Triage', 'IV Liquid', 'IV Antibiotics', 'Leucocytes', 'CRP', 'CRP', 'Leucocytes', 'LacticAcid', 'Admission IC', 'CRP', 'LacticAcid', 'Leucocytes', 'Leucocytes', 'CRP', 'LacticAcid', 'Admission NC', 'Leucocytes', 'CRP', 'Release A', 'Return ER')",1,399
509,"('ER Registration', 'ER Triage', 'ER Sepsis Triage', 'CRP', 'Leucocytes', 'LacticAcid', 'IV Liquid', 'IV Antibiotics', 'Admission IC', 'CRP', 'LacticAcid', 'Leucocytes', 'LacticAcid', 'LacticAcid', 'CRP', 'Leucocytes', 'Admission NC', 'CRP', 'Leucocytes', 'CRP', 'Release A', 'Return ER')",1,400
510,"('ER Registration', 'ER Triage', 'ER Sepsis Triage', 'LacticAcid', 'Leucocytes', 'CRP', 'IV Liquid', 'IV Antibiotics', 'Admission NC', 'Admission NC', 'Leucocytes', 'CRP', 'Leucocytes', 'CRP', 'Release A', 'Return ER')",1,401
531,"('ER Registration', 'ER Triage', 'ER Sepsis Triage', 'LacticAcid', 'Leucocytes', 'CRP', 'IV Liquid', 'IV Antibiotics', 'Admission NC', 'CRP', 'Leucocytes', 'Leucocytes', 'CRP', 'Leucocytes', 'CRP', 'Leucocytes', 'Leucocytes', 'CRP', 'Leucocytes', 'Leucocytes', 'CRP', 'Release A', 'Return ER')",1,402
533,"('ER Registration', 'LacticAcid', 'Leucocytes', 'CRP', 'ER Triage', 'ER Sepsis Triage')",1,403
493,"('ER Registration', 'ER Triage', 'CRP', 'LacticAcid', 'Leucocytes', 'ER Sepsis Triage', 'IV Liquid', 'IV Antibiotics', 'Admission NC', 'Admission NC', 'Leucocytes', 'CRP', 'CRP', 'Leucocytes', 'CRP', 'Leucocytes', 'Leucocytes', 'CRP', 'Release D', 'Return ER')",1,404
551,"('ER Registration', 'ER Triage', 'ER Sepsis Triage', 'CRP', 'LacticAcid', 'Leucocytes', 'IV Antibiotics', 'Admission NC', 'Admission NC', 'CRP', 'Leucocytes', 'Release B')",1,405
477,"('ER Registration', 'ER Triage', 'ER Sepsis Triage', 'Leucocytes', 'LacticAcid', 'CRP', 'IV Liquid', 'IV Antibiotics', 'Admission NC', 'Leucocytes', 'CRP', 'CRP', 'Leucocytes', 'CRP', 'Release A', 'Return ER')",1,406
552,"('ER Registration', 'ER Triage', 'ER Sepsis Triage', 'Leucocytes', 'CRP', 'Admission NC', 'Leucocytes', 'Release A', 'Return ER')",1,407
553,"('ER Registration', 'ER Triage', 'ER Sepsis Triage', 'Leucocytes', 'LacticAcid', 'CRP', 'IV Liquid', 'IV Antibiotics', 'Admission IC', 'CRP', 'LacticAcid', 'Leucocytes', 'Admission NC', 'CRP', 'Leucocytes', 'CRP', 'Leucocytes', 'Leucocytes', 'CRP', 'Release A', 'Return ER')",1,408
554,"('ER Registration', 'Leucocytes', 'CRP', 'ER Triage', 'ER Sepsis Triage', 'IV Liquid', 'IV Antibiotics')",1,409
476,"('ER Registration', 'ER Triage', 'ER Sepsis Triage', 'IV Liquid', 'LacticAcid', 'CRP', 'Leucocytes', 'IV Antibiotics', 'Admission NC', 'Admission NC', 'Leucocytes', 'CRP', 'Release A')",1,410
555,"('ER Registration', 'ER Triage', 'ER Sepsis Triage', 'IV Liquid', 'Leucocytes', 'CRP', 'LacticAcid', 'IV Antibiotics', 'Admission NC', 'Leucocytes', 'CRP', 'Admission NC', 'Leucocytes', 'CRP', 'Release A', 'Return ER')",1,411
475,"('ER Registration', 'ER Triage', 'ER Sepsis Triage', 'IV Antibiotics', 'CRP', 'Leucocytes', 'Admission NC', 'Leucocytes', 'CRP', 'IV Liquid', 'CRP', 'Leucocytes', 'Release A')",1,412
474,"('ER Registration', 'ER Triage', 'ER Sepsis Triage', 'IV Liquid', 'IV Antibiotics', 'Leucocytes', 'LacticAcid', 'CRP', 'Admission NC', 'Leucocytes', 'CRP', 'Leucocytes', 'CRP', 'Admission NC', 'Leucocytes', 'CRP', 'Leucocytes', 'CRP', 'Admission NC', 'Admission NC', 'Release A')",1,413
473,"('ER Registration', 'ER Triage', 'ER Sepsis Triage', 'LacticAcid', 'Leucocytes', 'CRP', 'IV Liquid', 'IV Antibiotics', 'Admission NC', 'Admission NC', 'CRP', 'CRP', 'CRP', 'Release A', 'Return ER')",1,414
472,"('ER Registration', 'ER Triage', 'IV Liquid', 'CRP', 'Leucocytes', 'LacticAcid', 'ER Sepsis Triage', 'IV Antibiotics', 'Admission NC', 'Release A')",1,415
556,"('ER Registration', 'ER Triage', 'ER Sepsis Triage', 'CRP', 'Leucocytes', 'LacticAcid', 'Admission NC', 'Release B')",1,416
471,"('ER Registration', 'ER Triage', 'ER Sepsis Triage', 'CRP', 'LacticAcid', 'Leucocytes', 'IV Liquid', 'IV Antibiotics', 'Admission NC', 'Leucocytes', 'CRP', 'CRP', 'Leucocytes', 'Leucocytes', 'CRP', 'CRP', 'CRP', 'Release A')",1,417
557,"('ER Registration', 'ER Triage', 'ER Sepsis Triage', 'Leucocytes', 'CRP', 'LacticAcid', 'IV Liquid', 'IV Antibiotics', 'Admission NC', 'CRP', 'Leucocytes', 'Release A', 'Return ER')",1,418
558,"('ER Registration', 'ER Triage', 'ER Sepsis Triage', 'CRP', 'LacticAcid', 'Leucocytes', 'IV Antibiotics')",1,419
470,"('ER Registration', 'ER Triage', 'ER Sepsis Triage', 'Leucocytes', 'LacticAcid', 'CRP', 'IV Liquid', 'IV Antibiotics', 'Admission NC', 'Admission NC', 'CRP', 'Leucocytes', 'Admission NC', 'CRP', 'Leucocytes', 'Release A')",1,420
559,"('ER Registration', 'ER Triage', 'ER Sepsis Triage', 'Leucocytes', 'CRP', 'Admission IC', 'CRP', 'Leucocytes', 'LacticAcid', 'Leucocytes', 'Leucocytes', 'Leucocytes', 'Leucocytes', 'LacticAcid', 'LacticAcid', 'Leucocytes', 'CRP', 'Leucocytes', 'LacticAcid', 'Leucocytes', 'CRP', 'LacticAcid', 'Release B')",1,421
560,"('ER Registration', 'ER Triage', 'ER Sepsis Triage', 'IV Liquid', 'LacticAcid', 'Leucocytes', 'CRP', 'IV Antibiotics', 'Admission NC', 'CRP', 'Leucocytes', 'Leucocytes', 'CRP', 'Release A')",1,422
469,"('ER Registration', 'ER Triage', 'CRP', 'LacticAcid', 'Leucocytes', 'ER Sepsis Triage', 'IV Liquid', 'IV Antibiotics', 'Admission NC', 'Admission NC', 'Leucocytes', 'CRP', 'Release A', 'Return ER')",1,423
561,"('ER Registration', 'ER Triage', 'ER Sepsis Triage', 'LacticAcid', 'Leucocytes', 'CRP', 'Admission NC', 'Admission NC', 'Release A')",1,424
478,"('ER Registration', 'ER Triage', 'ER Sepsis Triage', 'IV Liquid', 'IV Antibiotics', 'Leucocytes', 'CRP', 'LacticAcid', 'Admission NC', 'CRP', 'Leucocytes', 'CRP', 'Leucocytes', 'Admission NC', 'CRP', 'Leucocytes', 'CRP', 'Leucocytes', 'Release B')",1,425
550,"('ER Registration', 'ER Triage', 'ER Sepsis Triage', 'CRP', 'Leucocytes', 'LacticAcid', 'IV Liquid', 'IV Antibiotics', 'Admission NC', 'Leucocytes', 'CRP', 'Admission NC', 'CRP', 'Leucocytes', 'Release A')",1,426
534,"('ER Registration', 'ER Triage', 'ER Sepsis Triage', 'LacticAcid', 'Leucocytes', 'CRP', 'IV Liquid', 'IV Antibiotics', 'Admission NC', 'Admission NC', 'CRP', 'Leucocytes', 'Leucocytes', 'CRP', 'Leucocytes', 'CRP', 'Leucocytes', 'CRP', 'CRP', 'Leucocytes', 'CRP', 'CRP', 'Leucocytes', 'Release A', 'Return ER')",1,427
479,"('ER Registration', 'ER Triage', 'ER Sepsis Triage', 'IV Liquid', 'IV Antibiotics', 'Leucocytes', 'LacticAcid', 'CRP', 'Admission NC', 'Admission NC', 'Leucocytes', 'CRP', 'CRP', 'Leucocytes', 'CRP', 'Leucocytes', 'Release A')",1,428
535,"('ER Registration', 'ER Triage', 'LacticAcid', 'CRP', 'Leucocytes', 'ER Sepsis Triage', 'IV Liquid', 'IV Antibiotics')",1,429
536,"('ER Registration', 'ER Triage', 'ER Sepsis Triage', 'Leucocytes', 'CRP', 'LacticAcid', 'IV Liquid', 'IV Antibiotics', 'Admission NC', 'CRP', 'Leucocytes', 'Leucocytes', 'CRP', 'Release A')",1,430
537,"('Leucocytes', 'ER Registration', 'ER Triage', 'ER Sepsis Triage', 'Leucocytes', 'CRP')",1,431
538,"('ER Registration', 'ER Triage', 'ER Sepsis Triage', 'Leucocytes', 'LacticAcid', 'CRP', 'IV Antibiotics', 'Admission NC', 'Leucocytes', 'CRP', 'CRP', 'Leucocytes', 'Release A')",1,432
539,"('ER Registration', 'ER Triage', 'Leucocytes', 'CRP', 'Admission NC', 'ER Sepsis Triage', 'Admission NC', 'Leucocytes', 'CRP', 'Leucocytes', 'CRP', 'Leucocytes', 'CRP', 'Release C')",1,433
541,"('ER Registration', 'ER Triage', 'CRP', 'LacticAcid', 'Leucocytes', 'ER Sepsis Triage', 'IV Liquid', 'IV Antibiotics', 'Admission NC', 'CRP', 'Leucocytes', 'Admission NC', 'Release A')",1,434
542,"('ER Registration', 'ER Triage', 'Leucocytes', 'CRP', 'LacticAcid', 'ER Sepsis Triage', 'IV Liquid', 'IV Antibiotics', 'Admission NC', 'Admission NC', 'Leucocytes', 'CRP', 'Leucocytes', 'Leucocytes', 'CRP', 'Leucocytes', 'CRP', 'Leucocytes', 'CRP', 'CRP', 'Leucocytes', 'CRP', 'Leucocytes', 'CRP', 'CRP', 'Leucocytes', 'CRP', 'CRP', 'CRP', 'Leucocytes', 'CRP', 'CRP', 'Leucocytes', 'Leucocytes', 'Leucocytes', 'Leucocytes', 'CRP', 'Release B')",1,435
484,"('ER Registration', 'ER Triage', 'ER Sepsis Triage', 'Leucocytes', 'CRP', 'LacticAcid', 'IV Liquid', 'IV Antibiotics', 'Admission NC', 'Admission IC', 'Leucocytes', 'CRP', 'LacticAcid', 'LacticAcid', 'Leucocytes', 'CRP', 'Leucocytes', 'CRP', 'LacticAcid', 'CRP', 'LacticAcid', 'Leucocytes', 'CRP', 'LacticAcid', 'Leucocytes', 'Leucocytes', 'CRP', 'LacticAcid', 'CRP', 'LacticAcid', 'Leucocytes', 'LacticAcid', 'CRP', 'Leucocytes', 'CRP', 'LacticAcid', 'Leucocytes', 'LacticAcid', 'Leucocytes', 'CRP', 'LacticAcid', 'Leucocytes', 'CRP', 'CRP', 'Leucocytes', 'LacticAcid', 'LacticAcid', 'CRP', 'Leucocytes', 'Leucocytes', 'CRP', 'LacticAcid', 'Admission NC', 'CRP', 'Leucocytes', 'Admission NC', 'Admission NC', 'Leucocytes', 'Admission NC', 'Release A', 'Return ER')",1,436
483,"('ER Registration', 'ER Triage', 'ER Sepsis Triage', 'LacticAcid', 'CRP', 'Leucocytes', 'IV Antibiotics', 'Admission NC', 'CRP', 'CRP', 'Leucocytes', 'Release A')",1,437
544,"('ER Registration', 'ER Triage', 'ER Sepsis Triage', 'CRP', 'Leucocytes', 'LacticAcid', 'IV Liquid', 'IV Antibiotics', 'Admission NC', 'CRP', 'CRP', 'Release A')",1,438
545,"('ER Registration', 'ER Triage', 'CRP', 'Leucocytes', 'LacticAcid', 'ER Sepsis Triage', 'IV Antibiotics', 'Admission NC', 'Admission NC', 'Leucocytes', 'CRP', 'Leucocytes', 'CRP', 'Release D', 'Return ER')",1,439
546,"('ER Registration', 'ER Triage', 'ER Sepsis Triage', 'IV Liquid', 'Leucocytes', 'LacticAcid', 'CRP', 'IV Antibiotics', 'Admission NC', 'CRP', 'Leucocytes', 'CRP', 'Leucocytes', 'Release D')",1,440
482,"('ER Registration', 'ER Triage', 'ER Sepsis Triage', 'LacticAcid', 'CRP', 'Leucocytes', 'IV Liquid', 'IV Antibiotics', 'Admission NC', 'Admission NC', 'LacticAcid', 'CRP', 'Leucocytes', 'Leucocytes', 'CRP', 'Leucocytes', 'CRP', 'Release A')",1,441
481,"('ER Registration', 'IV Liquid', 'ER Triage', 'ER Sepsis Triage', 'IV Antibiotics', 'LacticAcid', 'CRP', 'Leucocytes', 'Admission NC', 'CRP', 'Release A')",1,442
639,"('ER Registration', 'Leucocytes', 'LacticAcid', 'CRP', 'ER Triage', 'ER Sepsis Triage', 'IV Antibiotics', 'IV Liquid')",1,443
547,"('ER Registration', 'ER Triage', 'ER Sepsis Triage', 'Leucocytes', 'LacticAcid', 'CRP', 'IV Liquid', 'IV Antibiotics', 'Admission NC', 'CRP', 'Leucocytes', 'CRP', 'Leucocytes', 'Release C')",1,444
548,"('ER Registration', 'ER Triage', 'ER Sepsis Triage', 'IV Liquid', 'CRP', 'LacticAcid', 'Leucocytes', 'IV Antibiotics', 'Admission NC', 'CRP', 'Leucocytes', 'Leucocytes', 'CRP', 'Leucocytes', 'Release A', 'Return ER')",1,445
480,"('ER Registration', 'ER Triage', 'ER Sepsis Triage', 'IV Liquid', 'LacticAcid', 'CRP', 'Leucocytes', 'IV Antibiotics', 'Admission NC', 'CRP', 'Leucocytes', 'Admission NC', 'CRP', 'Leucocytes', 'CRP', 'Leucocytes', 'CRP', 'Leucocytes', 'CRP', 'Release A')",1,446
549,"('ER Registration', 'ER Triage', 'ER Sepsis Triage', 'IV Liquid', 'IV Antibiotics', 'LacticAcid', 'Leucocytes', 'CRP', 'Admission IC', 'Leucocytes', 'CRP', 'LacticAcid', 'CRP', 'LacticAcid', 'Leucocytes', 'LacticAcid', 'CRP', 'Leucocytes', 'LacticAcid', 'Admission NC', 'CRP', 'Leucocytes', 'Leucocytes', 'CRP', 'CRP', 'Leucocytes', 'CRP', 'Leucocytes', 'CRP', 'Leucocytes', 'Leucocytes', 'CRP', 'Release A')",1,447
638,"('ER Registration', 'ER Triage', 'ER Sepsis Triage', 'IV Liquid', 'IV Antibiotics', 'LacticAcid', 'Leucocytes', 'CRP', 'Admission NC', 'CRP', 'Leucocytes', 'Admission NC', 'Release A', 'Return ER')",1,448
657,"('IV Liquid', 'ER Registration', 'ER Triage', 'ER Sepsis Triage', 'IV Antibiotics', 'Leucocytes', 'LacticAcid', 'CRP', 'Admission NC', 'Leucocytes', 'CRP', 'Leucocytes', 'CRP', 'Release A', 'Return ER')",1,449
640,"('ER Registration', 'ER Triage', 'ER Sepsis Triage', 'IV Liquid', 'IV Antibiotics', 'CRP', 'LacticAcid', 'Leucocytes', 'Admission NC', 'Release B')",1,450
781,"('ER Registration', 'ER Triage', 'Leucocytes', 'LacticAcid', 'CRP', 'ER Sepsis Triage', 'IV Liquid', 'IV Antibiotics')",1,451
771,"('ER Registration', 'ER Triage', 'ER Sepsis Triage', 'IV Liquid', 'CRP', 'Leucocytes', 'LacticAcid', 'IV Antibiotics', 'Admission NC', 'Leucocytes', 'CRP', 'Release A', 'Return ER')",1,452
772,"('ER Registration', 'ER Triage', 'ER Sepsis Triage', 'CRP', 'LacticAcid', 'Leucocytes', 'IV Liquid', 'IV Antibiotics', 'Admission NC', 'Leucocytes', 'Leucocytes', 'CRP', 'Release A', 'Return ER')",1,453
773,"('ER Registration', 'ER Triage', 'ER Sepsis Triage', 'CRP', 'LacticAcid', 'Leucocytes', 'IV Liquid', 'IV Antibiotics', 'Admission NC', 'Admission NC', 'CRP', 'Leucocytes', 'CRP', 'Leucocytes', 'CRP', 'Leucocytes', 'Release A', 'Return ER')",1,454
774,"('ER Registration', 'Leucocytes', 'CRP', 'LacticAcid', 'ER Triage', 'ER Sepsis Triage', 'IV Liquid', 'IV Antibiotics', 'Admission NC', 'Admission NC', 'CRP', 'Leucocytes', 'CRP', 'Leucocytes', 'Release A', 'Return ER')",1,455
775,"('ER Registration', 'ER Triage', 'ER Sepsis Triage', 'IV Antibiotics', 'LacticAcid', 'Leucocytes', 'CRP', 'Admission NC', 'Release B')",1,456
776,"('ER Registration', 'ER Triage', 'ER Sepsis Triage', 'LacticAcid', 'Leucocytes', 'CRP', 'IV Liquid', 'IV Antibiotics', 'Admission NC', 'Leucocytes', 'Admission NC', 'Leucocytes', 'Release A')",1,457
777,"('ER Registration', 'CRP', 'Leucocytes', 'ER Triage', 'ER Sepsis Triage', 'IV Antibiotics')",1,458
778,"('ER Registration', 'ER Triage', 'ER Sepsis Triage', 'IV Liquid', 'LacticAcid', 'Leucocytes', 'CRP', 'IV Antibiotics', 'Admission NC', 'Leucocytes', 'CRP', 'Leucocytes', 'CRP', 'CRP', 'Leucocytes', 'Leucocytes', 'CRP', 'Leucocytes', 'CRP', 'Release C', 'Return ER')",1,459
779,"('ER Registration', 'ER Triage', 'CRP', 'Leucocytes', 'LacticAcid', 'ER Sepsis Triage', 'IV Liquid', 'IV Antibiotics', 'Admission NC', 'Leucocytes', 'CRP', 'Leucocytes', 'CRP', 'Leucocytes', 'CRP', 'Leucocytes', 'Release A', 'Return ER')",1,460
780,"('ER Registration', 'ER Triage', 'ER Sepsis Triage', 'LacticAcid', 'Leucocytes', 'CRP', 'IV Antibiotics', 'IV Liquid')",1,461
782,"('ER Registration', 'ER Triage', 'ER Sepsis Triage', 'CRP', 'LacticAcid', 'Leucocytes', 'IV Liquid', 'IV Antibiotics', 'Admission NC', 'CRP', 'Leucocytes', 'Leucocytes', 'CRP', 'Leucocytes', 'CRP', 'Release A')",1,462
769,"('ER Registration', 'ER Triage', 'ER Sepsis Triage', 'LacticAcid', 'Leucocytes', 'CRP', 'IV Liquid', 'IV Antibiotics', 'Admission NC', 'CRP', 'Leucocytes', 'Leucocytes', 'CRP', 'Leucocytes', 'CRP', 'CRP', 'Leucocytes', 'Leucocytes', 'CRP', 'Release A')",1,463
783,"('CRP', 'Leucocytes', 'ER Registration', 'ER Triage', 'ER Sepsis Triage', 'LacticAcid', 'CRP', 'Leucocytes', 'IV Liquid', 'IV Antibiotics', 'Admission NC', 'Release B')",1,464
784,"('ER Registration', 'ER Triage', 'ER Sepsis Triage', 'CRP', 'LacticAcid', 'Leucocytes', 'IV Antibiotics', 'Admission NC', 'IV Liquid', 'Leucocytes', 'CRP', 'Release A', 'Return ER')",1,465
785,"('IV Liquid', 'ER Registration', 'ER Triage', 'ER Sepsis Triage', 'LacticAcid', 'Leucocytes', 'CRP', 'IV Antibiotics', 'Admission NC', 'Leucocytes', 'CRP', 'LacticAcid', 'CRP', 'LacticAcid', 'Leucocytes', 'Release B')",1,466
786,"('ER Registration', 'ER Triage', 'ER Sepsis Triage', 'IV Antibiotics', 'CRP', 'LacticAcid', 'Leucocytes', 'IV Liquid')",1,467
787,"('ER Registration', 'ER Triage', 'ER Sepsis Triage', 'CRP', 'LacticAcid', 'Leucocytes', 'IV Antibiotics', 'IV Liquid', 'Admission NC', 'Admission NC', 'CRP', 'Leucocytes', 'Leucocytes', 'CRP', 'Release A')",1,468
788,"('CRP', 'Leucocytes', 'ER Registration', 'ER Triage', 'Leucocytes', 'CRP', 'ER Sepsis Triage', 'IV Liquid', 'IV Antibiotics')",1,469
789,"('ER Registration', 'ER Triage', 'ER Sepsis Triage', 'CRP', 'Leucocytes', 'LacticAcid', 'IV Antibiotics', 'IV Liquid', 'Admission NC', 'Leucocytes', 'CRP')",1,470
790,"('ER Registration', 'ER Triage', 'ER Sepsis Triage', 'LacticAcid', 'Leucocytes', 'CRP', 'IV Liquid', 'IV Antibiotics', 'Admission NC', 'Admission NC', 'Leucocytes', 'CRP', 'Release A')",1,471
791,"('ER Registration', 'ER Triage', 'ER Sepsis Triage', 'IV Liquid', 'Leucocytes', 'LacticAcid', 'CRP', 'IV Antibiotics', 'Admission NC', 'Admission IC', 'CRP', 'LacticAcid', 'Leucocytes', 'LacticAcid', 'Leucocytes', 'CRP', 'Admission NC', 'CRP', 'Leucocytes', 'CRP', 'LacticAcid', 'Leucocytes', 'CRP', 'LacticAcid', 'CRP', 'Leucocytes', 'Leucocytes', 'CRP', 'Release A')",1,472
792,"('ER Registration', 'ER Triage', 'ER Sepsis Triage', 'IV Liquid', 'IV Antibiotics', 'Leucocytes', 'LacticAcid', 'CRP', 'Admission NC', 'Leucocytes', 'CRP', 'Release A')",1,473
770,"('ER Registration', 'ER Triage', 'ER Sepsis Triage', 'Leucocytes', 'LacticAcid', 'CRP')",1,474
768,"('ER Registration', 'ER Triage', 'ER Sepsis Triage', 'LacticAcid', 'Leucocytes', 'CRP', 'IV Liquid', 'IV Antibiotics', 'Admission NC', 'Leucocytes', 'Leucocytes', 'Release A', 'Return ER')",1,475
641,"('ER Registration', 'ER Triage', 'ER Sepsis Triage', 'CRP', 'Leucocytes', 'Admission NC', 'CRP', 'Leucocytes', 'CRP', 'Release A')",1,476
755,"('ER Registration', 'ER Triage', 'ER Sepsis Triage', 'CRP', 'Leucocytes', 'LacticAcid', 'IV Liquid', 'IV Antibiotics', 'Admission NC', 'CRP', 'Leucocytes', 'LacticAcid', 'Leucocytes', 'CRP', 'Leucocytes', 'CRP', 'Leucocytes', 'CRP', 'CRP', 'Leucocytes', 'CRP', 'Leucocytes', 'Release C', 'Return ER')",1,477
745,"('ER Registration', 'ER Triage', 'ER Sepsis Triage', 'CRP', 'Leucocytes', 'Admission NC', 'CRP', 'Leucocytes', 'Admission NC', 'Leucocytes', 'CRP', 'CRP', 'Release A', 'Return ER')",1,478
746,"('ER Registration', 'ER Triage', 'ER Sepsis Triage', 'Leucocytes', 'LacticAcid', 'CRP', 'IV Liquid', 'IV Antibiotics', 'Admission NC', 'Leucocytes', 'CRP', 'CRP', 'Leucocytes', 'Leucocytes', 'Leucocytes', 'CRP', 'Leucocytes', 'CRP', 'Leucocytes', 'Leucocytes', 'CRP', 'Release D', 'Return ER')",1,479
747,"('IV Liquid', 'ER Registration', 'ER Triage', 'ER Sepsis Triage', 'Leucocytes', 'CRP', 'LacticAcid', 'IV Antibiotics', 'Admission NC', 'Leucocytes', 'CRP', 'LacticAcid', 'CRP', 'Leucocytes', 'CRP', 'Leucocytes', 'Release A', 'Return ER')",1,480
748,"('ER Registration', 'ER Triage', 'ER Sepsis Triage', 'Leucocytes', 'CRP', 'LacticAcid', 'IV Liquid', 'IV Antibiotics', 'Admission IC', 'Leucocytes', 'CRP', 'LacticAcid', 'Admission NC', 'Leucocytes', 'CRP', 'Release A')",1,481
749,"('CRP', 'LacticAcid', 'Leucocytes', 'ER Registration', 'ER Triage', 'ER Sepsis Triage', 'IV Liquid', 'IV Antibiotics', 'Admission NC', 'Leucocytes', 'CRP', 'CRP', 'Leucocytes', 'CRP', 'Leucocytes', 'Leucocytes', 'CRP', 'Release C')",1,482
750,"('ER Registration', 'ER Triage', 'CRP', 'LacticAcid', 'Leucocytes', 'ER Sepsis Triage', 'IV Liquid', 'IV Antibiotics', 'Admission NC', 'Leucocytes', 'CRP', 'Leucocytes', 'Leucocytes', 'CRP', 'Leucocytes', 'Admission NC', 'Release A', 'Return ER')",1,483
751,"('ER Registration', 'ER Triage', 'ER Sepsis Triage', 'LacticAcid', 'Leucocytes', 'CRP', 'IV Liquid', 'IV Antibiotics', 'Admission NC', 'LacticAcid', 'Admission NC', 'LacticAcid', 'Leucocytes', 'CRP', 'LacticAcid', 'CRP', 'Release A')",1,484
752,"('ER Registration', 'ER Triage', 'ER Sepsis Triage', 'LacticAcid', 'CRP', 'Leucocytes', 'IV Liquid', 'IV Antibiotics', 'Admission NC', 'CRP', 'Leucocytes', 'CRP', 'Leucocytes', 'Release A')",1,485
753,"('ER Registration', 'ER Triage', 'ER Sepsis Triage', 'IV Liquid', 'Leucocytes', 'CRP', 'LacticAcid', 'IV Antibiotics', 'Admission IC', 'CRP', 'LacticAcid', 'Leucocytes', 'Admission IC', 'Admission NC', 'CRP', 'Leucocytes', 'Release A', 'Return ER')",1,486
754,"('ER Registration', 'ER Triage', 'ER Sepsis Triage', 'Leucocytes', 'LacticAcid', 'CRP', 'IV Antibiotics', 'IV Liquid')",1,487
756,"('ER Registration', 'ER Triage', 'Leucocytes', 'CRP', 'LacticAcid', 'ER Sepsis Triage', 'Leucocytes', 'CRP', 'LacticAcid', 'Admission NC', 'CRP', 'Release A', 'Return ER')",1,488
767,"('ER Registration', 'ER Triage', 'CRP', 'Leucocytes', 'LacticAcid', 'ER Sepsis Triage', 'IV Liquid', 'IV Antibiotics', 'Admission NC', 'Admission IC', 'CRP', 'LacticAcid', 'Leucocytes', 'LacticAcid', 'Leucocytes', 'CRP', 'LacticAcid', 'Admission IC', 'LacticAcid', 'CRP', 'Leucocytes', 'LacticAcid', 'Leucocytes', 'CRP', 'Leucocytes', 'CRP', 'LacticAcid', 'Admission NC', 'CRP', 'Leucocytes', 'CRP', 'Leucocytes', 'CRP', 'Leucocytes', 'Admission NC', 'CRP', 'Leucocytes', 'Release A', 'Return ER')",1,489
757,"('ER Registration', 'ER Sepsis Triage', 'IV Liquid', 'IV Antibiotics', 'ER Triage', 'Leucocytes', 'LacticAcid', 'CRP', 'Admission NC', 'Admission NC', 'Leucocytes', 'CRP', 'Release A')",1,490
758,"('ER Registration', 'ER Triage', 'ER Sepsis Triage', 'Leucocytes', 'LacticAcid', 'CRP', 'IV Liquid', 'IV Antibiotics', 'Admission NC', 'LacticAcid', 'Release B')",1,491
759,"('ER Registration', 'ER Triage', 'ER Sepsis Triage', 'Leucocytes', 'LacticAcid', 'CRP', 'Admission NC', 'Admission NC', 'Admission IC', 'LacticAcid', 'Leucocytes', 'CRP', 'Leucocytes', 'LacticAcid', 'IV Liquid', 'IV Antibiotics', 'Leucocytes', 'CRP', 'LacticAcid', 'LacticAcid', 'Leucocytes', 'CRP', 'Admission NC', 'Leucocytes', 'Leucocytes', 'Release A', 'Return ER')",1,492
760,"('ER Registration', 'ER Triage', 'ER Sepsis Triage', 'LacticAcid', 'Leucocytes', 'CRP', 'IV Liquid', 'IV Antibiotics', 'Admission NC', 'Admission NC', 'CRP', 'Leucocytes', 'CRP', 'Admission IC', 'LacticAcid', 'CRP', 'Leucocytes', 'LacticAcid', 'Admission NC', 'Admission NC', 'CRP', 'Leucocytes', 'CRP', 'Leucocytes', 'CRP', 'Leucocytes', 'CRP', 'Leucocytes', 'CRP', 'Leucocytes', 'CRP', 'Leucocytes', 'CRP', 'Release A', 'Return ER')",1,493
761,"('ER Registration', 'IV Liquid', 'ER Triage', 'ER Sepsis Triage', 'IV Antibiotics', 'CRP', 'LacticAcid', 'Leucocytes', 'Admission NC', 'Release A')",1,494
762,"('ER Registration', 'ER Triage', 'ER Sepsis Triage', 'IV Liquid', 'Leucocytes', 'CRP', 'LacticAcid', 'IV Antibiotics', 'Admission NC', 'Admission NC', 'CRP', 'Release A')",1,495
763,"('ER Registration', 'ER Triage', 'ER Sepsis Triage', 'Leucocytes', 'CRP', 'Admission NC', 'Admission IC', 'Leucocytes', 'CRP', 'LacticAcid', 'CRP', 'LacticAcid', 'Leucocytes', 'Leucocytes', 'CRP', 'LacticAcid', 'Admission NC', 'Release A', 'Return ER')",1,496
764,"('ER Registration', 'CRP', 'Leucocytes', 'LacticAcid', 'ER Triage', 'ER Sepsis Triage', 'IV Liquid', 'IV Antibiotics', 'Admission NC', 'CRP', 'Leucocytes', 'Leucocytes', 'CRP', 'Release A', 'Return ER')",1,497
765,"('ER Registration', 'ER Triage', 'ER Sepsis Triage', 'CRP', 'Leucocytes', 'LacticAcid', 'IV Antibiotics', 'IV Liquid', 'Admission NC', 'CRP', 'Leucocytes', 'CRP', 'Leucocytes', 'CRP', 'Leucocytes', 'CRP', 'Leucocytes', 'Admission NC', 'Leucocytes', 'CRP', 'Leucocytes', 'Release A')",1,498
766,"('ER Registration', 'ER Triage', 'Leucocytes', 'CRP', 'LacticAcid', 'ER Sepsis Triage', 'IV Liquid', 'IV Antibiotics', 'Admission IC', 'Leucocytes', 'CRP', 'LacticAcid')",1,499
793,"('ER Registration', 'ER Triage', 'ER Sepsis Triage', 'IV Liquid', 'IV Antibiotics', 'LacticAcid', 'Leucocytes', 'CRP', 'Admission NC', 'Admission NC', 'Leucocytes', 'CRP', 'Leucocytes', 'Leucocytes', 'Leucocytes', 'Leucocytes', 'Leucocytes', 'CRP', 'Leucocytes', 'Leucocytes', 'Leucocytes', 'CRP', 'Leucocytes', 'CRP', 'Leucocytes', 'Leucocytes', 'CRP', 'Leucocytes', 'Release D')",1,500
794,"('ER Registration', 'ER Triage', 'ER Sepsis Triage', 'Leucocytes', 'CRP', 'LacticAcid', 'IV Liquid', 'IV Antibiotics', 'Admission NC', 'Leucocytes', 'CRP', 'Admission NC', 'Release A', 'Return ER')",1,501
795,"('ER Registration', 'ER Triage', 'LacticAcid', 'CRP', 'Leucocytes', 'ER Sepsis Triage', 'IV Liquid', 'IV Antibiotics', 'Admission NC', 'Leucocytes', 'CRP', 'CRP', 'Leucocytes', 'Leucocytes', 'CRP', 'Release A')",1,502
833,"('ER Registration', 'ER Triage', 'ER Sepsis Triage', 'IV Liquid', 'Leucocytes', 'CRP', 'IV Antibiotics', 'Admission NC', 'CRP', 'Leucocytes', 'Release A')",1,503
823,"('ER Registration', 'ER Triage', 'ER Sepsis Triage', 'Leucocytes', 'LacticAcid', 'CRP', 'IV Liquid', 'IV Antibiotics', 'Admission NC', 'Leucocytes', 'Leucocytes', 'CRP', 'Leucocytes', 'Leucocytes', 'CRP', 'Release B')",1,504
824,"('ER Registration', 'ER Triage', 'ER Sepsis Triage', 'IV Liquid', 'IV Antibiotics', 'CRP', 'Leucocytes', 'LacticAcid', 'Admission IC', 'LacticAcid', 'CRP', 'Leucocytes', 'CRP', 'Leucocytes', 'LacticAcid', 'Admission NC', 'Release A', 'Return ER')",1,505
825,"('ER Registration', 'ER Triage', 'ER Sepsis Triage', 'IV Liquid', 'IV Antibiotics', 'Leucocytes', 'CRP', 'LacticAcid', 'LacticAcid', 'Admission NC', 'Admission NC', 'CRP', 'Leucocytes', 'Release A')",1,506
826,"('ER Registration', 'ER Triage', 'ER Sepsis Triage', 'CRP', 'LacticAcid', 'Leucocytes', 'IV Antibiotics', 'Admission NC', 'IV Liquid', 'Release B')",1,507
827,"('ER Registration', 'ER Triage', 'ER Sepsis Triage', 'Leucocytes', 'CRP', 'LacticAcid', 'IV Liquid', 'IV Antibiotics', 'Admission NC', 'CRP', 'Leucocytes', 'Leucocytes', 'CRP', 'Leucocytes', 'CRP', 'Leucocytes', 'CRP', 'Leucocytes', 'CRP', 'Leucocytes', 'CRP', 'Leucocytes', 'CRP', 'CRP', 'Leucocytes', 'Leucocytes', 'CRP', 'Release A', 'Return ER')",1,508
828,"('ER Registration', 'ER Triage', 'ER Sepsis Triage', 'Leucocytes', 'CRP', 'LacticAcid', 'IV Liquid', 'IV Antibiotics', 'Admission NC', 'CRP', 'Admission NC', 'CRP', 'Release A')",1,509
829,"('ER Registration', 'ER Triage', 'ER Sepsis Triage', 'IV Liquid', 'IV Antibiotics', 'Admission IC', 'CRP', 'Leucocytes', 'LacticAcid', 'CRP', 'Leucocytes', 'LacticAcid', 'CRP', 'LacticAcid', 'Leucocytes', 'Leucocytes', 'CRP', 'LacticAcid', 'Leucocytes', 'CRP', 'LacticAcid', 'Admission NC', 'Leucocytes', 'CRP', 'Release A', 'Return ER')",1,510
830,"('ER Registration', 'ER Triage', 'ER Sepsis Triage', 'IV Liquid', 'IV Antibiotics', 'CRP', 'Leucocytes', 'LacticAcid', 'Admission NC', 'Leucocytes', 'Leucocytes', 'Leucocytes', 'CRP', 'Admission NC', 'Leucocytes', 'CRP', 'CRP', 'Release A')",1,511
831,"('ER Registration', 'ER Triage', 'ER Sepsis Triage', 'IV Liquid', 'IV Antibiotics', 'LacticAcid', 'Leucocytes', 'CRP', 'Admission NC', 'Leucocytes', 'CRP', 'Admission NC', 'CRP', 'Leucocytes', 'CRP', 'Release A')",1,512
832,"('ER Registration', 'ER Triage', 'ER Sepsis Triage', 'Leucocytes', 'CRP', 'LacticAcid', 'IV Liquid', 'IV Antibiotics', 'Admission NC', 'Leucocytes', 'Leucocytes', 'CRP', 'CRP', 'Leucocytes', 'CRP', 'Leucocytes', 'Leucocytes', 'CRP', 'Leucocytes', 'CRP', 'Leucocytes', 'CRP', 'Release A')",1,513
834,"('ER Registration', 'IV Liquid', 'ER Triage', 'ER Sepsis Triage', 'IV Antibiotics', 'Leucocytes', 'LacticAcid', 'CRP', 'Admission NC', 'Leucocytes', 'LacticAcid', 'CRP', 'Leucocytes', 'CRP', 'Release A', 'Return ER')",1,514
797,"('ER Registration', 'ER Triage', 'ER Sepsis Triage', 'CRP', 'Leucocytes', 'LacticAcid', 'IV Antibiotics', 'IV Liquid', 'Admission NC', 'LacticAcid', 'CRP', 'Leucocytes', 'Admission IC', 'Leucocytes', 'CRP', 'LacticAcid', 'Admission NC', 'CRP', 'Leucocytes', 'Leucocytes', 'CRP', 'Leucocytes', 'CRP', 'Leucocytes', 'CRP', 'Leucocytes', 'CRP', 'Leucocytes', 'CRP', 'Leucocytes', 'CRP', 'Leucocytes', 'CRP', 'Leucocytes', 'CRP', 'CRP', 'Leucocytes', 'Leucocytes', 'CRP', 'CRP', 'Leucocytes', 'Leucocytes', 'CRP', 'CRP', 'Leucocytes', 'CRP', 'Leucocytes', 'Admission NC', 'Leucocytes', 'CRP', 'Release A', 'Return ER')",1,515
835,"('ER Registration', 'ER Triage', 'ER Sepsis Triage', 'LacticAcid', 'CRP', 'Leucocytes', 'IV Liquid', 'IV Antibiotics', 'Admission NC', 'Release A', 'Return ER')",1,516
836,"('ER Registration', 'ER Triage', 'ER Sepsis Triage', 'LacticAcid', 'CRP', 'Leucocytes', 'IV Liquid', 'IV Antibiotics', 'Admission NC', 'CRP', 'Leucocytes', 'CRP', 'Admission NC', 'CRP', 'Leucocytes', 'CRP', 'CRP', 'Leucocytes', 'Leucocytes', 'Leucocytes', 'CRP', 'CRP', 'Leucocytes', 'CRP', 'CRP', 'Leucocytes', 'Leucocytes', 'Release A')",1,517
837,"('IV Liquid', 'ER Registration', 'ER Triage', 'ER Sepsis Triage', 'Leucocytes', 'LacticAcid', 'CRP', 'IV Antibiotics', 'LacticAcid', 'Admission IC', 'LacticAcid', 'CRP', 'LacticAcid', 'Leucocytes', 'LacticAcid', 'Leucocytes', 'CRP', 'Leucocytes', 'LacticAcid', 'LacticAcid', 'CRP', 'Leucocytes', 'Leucocytes', 'LacticAcid', 'CRP', 'Leucocytes', 'CRP', 'LacticAcid', 'Leucocytes', 'CRP', 'LacticAcid', 'Leucocytes', 'CRP', 'LacticAcid', 'Admission NC', 'Leucocytes', 'CRP', 'Leucocytes', 'CRP', 'CRP', 'Leucocytes', 'CRP', 'Leucocytes', 'Leucocytes', 'CRP', 'Leucocytes', 'CRP', 'Leucocytes', 'CRP', 'Leucocytes', 'CRP', 'CRP', 'Leucocytes', 'Leucocytes', 'CRP', 'Leucocytes', 'Leucocytes', 'CRP', 'Leucocytes', 'CRP', 'Admission IC', 'LacticAcid', 'Leucocytes', 'CRP', 'Leucocytes', 'Release B')",1,518
838,"('ER Registration', 'ER Triage', 'ER Sepsis Triage', 'IV Liquid', 'IV Antibiotics', 'CRP', 'LacticAcid', 'Leucocytes', 'Admission NC', 'CRP', 'Leucocytes', 'Release A')",1,519
839,"('ER Registration', 'IV Liquid', 'ER Sepsis Triage', 'IV Antibiotics', 'ER Triage', 'LacticAcid', 'Leucocytes', 'CRP', 'Admission NC', 'Leucocytes', 'CRP', 'Release A')",1,520
840,"('ER Registration', 'ER Triage', 'ER Sepsis Triage', 'Leucocytes', 'LacticAcid', 'CRP', 'IV Liquid', 'IV Antibiotics', 'Admission NC', 'Leucocytes', 'CRP', 'CRP', 'CRP', 'Leucocytes', 'Leucocytes', 'CRP', 'Release A', 'Return ER', 'CRP', 'LacticAcid', 'Leucocytes')",1,521
841,"('ER Registration', 'ER Triage', 'ER Sepsis Triage', 'Leucocytes', 'CRP', 'LacticAcid', 'IV Liquid', 'IV Antibiotics', 'Admission NC', 'Leucocytes', 'CRP', 'CRP', 'Release A')",1,522
842,"('ER Registration', 'ER Triage', 'ER Sepsis Triage', 'Leucocytes', 'CRP', 'LacticAcid', 'IV Liquid', 'LacticAcid', 'Leucocytes', 'CRP', 'IV Antibiotics', 'Admission NC', 'Release A', 'Return ER')",1,523
843,"('ER Registration', 'ER Triage', 'ER Sepsis Triage', 'CRP', 'Leucocytes', 'LacticAcid', 'IV Liquid', 'IV Antibiotics', 'Admission NC', 'Leucocytes', 'CRP', 'Leucocytes', 'Release D')",1,524
844,"('ER Registration', 'ER Triage', 'ER Sepsis Triage', 'LacticAcid', 'Leucocytes', 'CRP', 'IV Liquid', 'IV Antibiotics', 'Admission NC', 'Leucocytes', 'CRP', 'Release A')",1,525
822,"('ER Registration', 'ER Triage', 'ER Sepsis Triage', 'IV Liquid', 'LacticAcid', 'Leucocytes', 'CRP', 'IV Antibiotics', 'Admission IC', 'CRP', 'Leucocytes', 'LacticAcid', 'LacticAcid', 'Leucocytes', 'Admission NC', 'CRP', 'Release A', 'Return ER')",1,526
821,"('ER Registration', 'ER Triage', 'ER Sepsis Triage', 'IV Liquid', 'CRP', 'Leucocytes', 'LacticAcid', 'IV Antibiotics', 'LacticAcid')",1,527
820,"('ER Registration', 'LacticAcid', 'CRP', 'Leucocytes', 'ER Triage', 'ER Sepsis Triage', 'LacticAcid', 'LacticAcid', 'IV Liquid', 'IV Antibiotics')",1,528
819,"('ER Registration', 'ER Triage', 'LacticAcid', 'Leucocytes', 'CRP', 'ER Sepsis Triage', 'IV Liquid', 'IV Antibiotics', 'Admission NC', 'CRP', 'Release A')",1,529
798,"('ER Registration', 'ER Triage', 'ER Sepsis Triage', 'CRP', 'Leucocytes', 'Admission NC', 'Leucocytes', 'CRP', 'Admission NC', 'Leucocytes', 'CRP', 'Release A')",1,530
799,"('ER Registration', 'LacticAcid', 'Leucocytes', 'CRP', 'IV Liquid', 'ER Triage', 'ER Sepsis Triage', 'IV Antibiotics', 'Admission NC', 'CRP', 'Leucocytes', 'Release A')",1,531
800,"('ER Registration', 'ER Triage', 'ER Sepsis Triage', 'LacticAcid', 'CRP', 'Leucocytes', 'IV Liquid', 'IV Antibiotics', 'Admission NC', 'CRP', 'Leucocytes', 'Leucocytes', 'CRP', 'CRP', 'Leucocytes', 'Release A', 'Return ER')",1,532
801,"('ER Registration', 'ER Triage', 'ER Sepsis Triage', 'LacticAcid', 'Leucocytes', 'CRP', 'IV Liquid', 'IV Antibiotics', 'Admission IC', 'Leucocytes', 'LacticAcid', 'CRP', 'Admission NC', 'Leucocytes', 'CRP', 'Leucocytes', 'CRP', 'Leucocytes', 'CRP', 'Leucocytes', 'CRP', 'Leucocytes', 'Leucocytes', 'Leucocytes', 'Leucocytes', 'Leucocytes', 'Leucocytes', 'Leucocytes', 'Leucocytes', 'Leucocytes', 'CRP', 'Leucocytes', 'Leucocytes', 'Leucocytes', 'Leucocytes', 'Leucocytes', 'Leucocytes', 'Leucocytes', 'CRP', 'Leucocytes', 'Leucocytes', 'CRP', 'Release A')",1,533
802,"('ER Registration', 'ER Triage', 'LacticAcid', 'CRP', 'Leucocytes', 'ER Sepsis Triage', 'IV Liquid', 'IV Antibiotics', 'Admission NC', 'Leucocytes', 'CRP', 'LacticAcid', 'CRP', 'Leucocytes', 'Leucocytes', 'CRP', 'Release A', 'Return ER')",1,534
803,"('ER Registration', 'ER Triage', 'ER Sepsis Triage', 'CRP', 'Leucocytes', 'Admission IC', 'CRP', 'Leucocytes', 'LacticAcid', 'Leucocytes', 'LacticAcid', 'CRP', 'LacticAcid', 'CRP', 'Leucocytes', 'Leucocytes', 'CRP', 'LacticAcid', 'CRP', 'Leucocytes', 'LacticAcid', 'Leucocytes', 'CRP', 'LacticAcid', 'Leucocytes', 'CRP', 'LacticAcid', 'Leucocytes', 'CRP', 'LacticAcid', 'LacticAcid', 'CRP', 'Leucocytes', 'Admission NC', 'Leucocytes', 'CRP', 'LacticAcid', 'Leucocytes', 'Leucocytes', 'CRP', 'LacticAcid', 'CRP', 'Leucocytes', 'CRP', 'Admission NC', 'CRP', 'Leucocytes', 'CRP', 'Leucocytes', 'CRP', 'Leucocytes', 'Leucocytes', 'CRP', 'Leucocytes', 'CRP', 'CRP', 'Leucocytes', 'Leucocytes', 'CRP', 'Release A', 'Return ER')",1,535
804,"('ER Registration', 'IV Liquid', 'ER Triage', 'ER Sepsis Triage', 'LacticAcid', 'Leucocytes', 'CRP', 'IV Antibiotics', 'Admission NC', 'Leucocytes', 'CRP', 'Release A', 'Return ER')",1,536
805,"('CRP', 'Leucocytes', 'ER Registration', 'Leucocytes', 'CRP', 'ER Triage', 'ER Sepsis Triage')",1,537
806,"('ER Registration', 'ER Triage', 'ER Sepsis Triage', 'Leucocytes', 'CRP', 'LacticAcid', 'IV Liquid', 'IV Antibiotics', 'Admission NC', 'Admission NC', 'CRP', 'Leucocytes', 'LacticAcid', 'Leucocytes', 'Leucocytes', 'CRP', 'CRP', 'Leucocytes', 'Leucocytes', 'CRP', 'Leucocytes', 'CRP', 'CRP', 'Leucocytes', 'Leucocytes', 'CRP', 'Release A')",1,538
807,"('ER Registration', 'ER Triage', 'ER Sepsis Triage', 'CRP', 'Leucocytes', 'LacticAcid', 'IV Liquid', 'IV Antibiotics', 'Admission NC', 'CRP', 'Leucocytes', 'Leucocytes', 'CRP', 'Admission NC', 'Admission NC', 'Leucocytes', 'CRP', 'Leucocytes', 'CRP', 'Leucocytes', 'Leucocytes', 'CRP', 'CRP', 'Leucocytes', 'Leucocytes', 'CRP', 'Leucocytes', 'Leucocytes', 'CRP', 'Release B')",1,539
808,"('ER Registration', 'ER Triage', 'ER Sepsis Triage', 'IV Liquid', 'IV Antibiotics', 'LacticAcid', 'Leucocytes', 'CRP', 'Admission NC', 'LacticAcid', 'Leucocytes', 'CRP', 'CRP', 'Leucocytes', 'Leucocytes', 'CRP', 'Release A')",1,540
809,"('ER Registration', 'ER Triage', 'ER Sepsis Triage', 'CRP', 'Leucocytes', 'LacticAcid', 'IV Liquid', 'IV Antibiotics', 'Admission IC', 'LacticAcid', 'LacticAcid', 'CRP', 'Leucocytes', 'Admission NC', 'Leucocytes', 'CRP', 'Leucocytes', 'CRP', 'Leucocytes', 'CRP', 'Leucocytes', 'Release A', 'Return ER')",1,541
810,"('ER Registration', 'ER Triage', 'LacticAcid', 'CRP', 'Leucocytes', 'IV Liquid', 'ER Sepsis Triage', 'IV Antibiotics', 'Admission NC', 'Admission NC', 'CRP', 'Leucocytes', 'CRP', 'Leucocytes', 'CRP', 'Release A', 'Return ER')",1,542
811,"('ER Registration', 'ER Triage', 'ER Sepsis Triage', 'IV Liquid', 'IV Antibiotics', 'Leucocytes', 'LacticAcid', 'CRP', 'Admission NC', 'Leucocytes', 'CRP', 'CRP', 'Leucocytes', 'CRP', 'Leucocytes', 'CRP', 'Leucocytes', 'CRP', 'Leucocytes', 'Release A', 'Return ER')",1,543
812,"('ER Registration', 'ER Triage', 'ER Sepsis Triage', 'Leucocytes', 'CRP', 'Admission NC', 'CRP', 'Leucocytes', 'CRP', 'Release A')",1,544
813,"('ER Registration', 'ER Triage', 'ER Sepsis Triage', 'IV Liquid', 'IV Antibiotics', 'CRP', 'Leucocytes', 'LacticAcid', 'Admission NC', 'Admission IC', 'LacticAcid', 'Leucocytes', 'CRP', 'LacticAcid', 'Leucocytes', 'CRP', 'LacticAcid', 'LacticAcid', 'Leucocytes', 'CRP', 'LacticAcid', 'Leucocytes', 'CRP', 'LacticAcid', 'Leucocytes', 'CRP', 'LacticAcid', 'Leucocytes', 'CRP', 'Leucocytes', 'CRP', 'LacticAcid', 'LacticAcid', 'Leucocytes', 'CRP', 'Leucocytes', 'CRP', 'LacticAcid', 'Leucocytes', 'CRP', 'LacticAcid', 'LacticAcid', 'Leucocytes', 'CRP', 'CRP', 'LacticAcid', 'Leucocytes', 'Leucocytes', 'CRP', 'LacticAcid', 'CRP', 'Leucocytes', 'LacticAcid', 'CRP', 'LacticAcid', 'Leucocytes', 'Leucocytes', 'CRP', 'LacticAcid', 'Leucocytes', 'CRP', 'LacticAcid', 'LacticAcid', 'Leucocytes', 'CRP', 'CRP', 'LacticAcid', 'Leucocytes', 'Leucocytes', 'CRP', 'LacticAcid', 'Leucocytes', 'CRP', 'LacticAcid', 'CRP', 'LacticAcid', 'Leucocytes', 'Leucocytes', 'LacticAcid', 'CRP', 'LacticAcid', 'Admission NC', 'Admission NC', 'Release A')",1,545
814,"('ER Registration', 'ER Triage', 'ER Sepsis Triage', 'Leucocytes', 'CRP', 'LacticAcid', 'IV Liquid', 'IV Antibiotics', 'Admission NC', 'LacticAcid', 'Admission NC', 'Admission NC', 'Admission NC', 'CRP', 'Leucocytes', 'CRP', 'Leucocytes', 'CRP', 'Leucocytes', 'Admission NC', 'Release A')",1,546
815,"('ER Registration', 'IV Liquid', 'ER Triage', 'Leucocytes', 'CRP', 'LacticAcid', 'ER Sepsis Triage', 'IV Antibiotics', 'Admission NC', 'Admission NC', 'Leucocytes', 'CRP', 'CRP', 'Release A', 'Return ER')",1,547
816,"('ER Registration', 'ER Triage', 'ER Sepsis Triage', 'Leucocytes', 'LacticAcid', 'CRP', 'Admission IC', 'Admission NC', 'Admission NC', 'Release A')",1,548
817,"('ER Registration', 'ER Triage', 'ER Sepsis Triage', 'CRP', 'LacticAcid', 'Leucocytes', 'IV Liquid', 'IV Antibiotics', 'Admission NC', 'Admission NC', 'CRP', 'Leucocytes', 'CRP', 'CRP', 'Release A')",1,549
818,"('ER Registration', 'ER Triage', 'ER Sepsis Triage', 'Leucocytes', 'LacticAcid', 'CRP', 'IV Antibiotics', 'Admission NC', 'IV Liquid', 'Leucocytes', 'CRP', 'Leucocytes', 'CRP', 'Leucocytes', 'Release A', 'Return ER')",1,550
744,"('CRP', 'Leucocytes', 'ER Registration', 'ER Triage', 'ER Sepsis Triage', 'Admission NC', 'CRP', 'CRP', 'Release A')",1,551
743,"('ER Registration', 'ER Triage', 'ER Sepsis Triage', 'IV Liquid', 'Leucocytes', 'CRP', 'LacticAcid', 'IV Antibiotics', 'Admission NC', 'Admission IC', 'LacticAcid', 'Leucocytes', 'CRP', 'LacticAcid', 'CRP', 'Leucocytes', 'Admission NC', 'Release B')",1,552
742,"('Leucocytes', 'CRP', 'ER Registration', 'ER Triage', 'ER Sepsis Triage', 'IV Antibiotics', 'Admission NC', 'Release A')",1,553
677,"('ER Registration', 'ER Triage', 'ER Sepsis Triage', 'IV Liquid', 'IV Antibiotics', 'Leucocytes', 'CRP', 'LacticAcid', 'Admission NC', 'CRP', 'Leucocytes', 'Admission NC', 'CRP', 'Leucocytes', 'Leucocytes', 'CRP', 'Leucocytes', 'CRP', 'Release A')",1,554
667,"('ER Registration', 'ER Triage', 'ER Sepsis Triage', 'Leucocytes', 'CRP', 'LacticAcid', 'IV Liquid', 'IV Antibiotics', 'Admission NC', 'CRP', 'Leucocytes', 'Leucocytes', 'CRP', 'Leucocytes', 'CRP', 'Release A', 'Return ER')",1,555
668,"('ER Registration', 'ER Triage', 'ER Sepsis Triage', 'CRP', 'Leucocytes', 'LacticAcid', 'IV Liquid', 'IV Antibiotics', 'Admission NC', 'LacticAcid', 'CRP', 'Leucocytes', 'Leucocytes', 'CRP', 'Leucocytes', 'Leucocytes', 'Leucocytes', 'Leucocytes', 'Leucocytes', 'Admission NC', 'Release A', 'Return ER')",1,556
669,"('ER Registration', 'ER Triage', 'ER Sepsis Triage', 'CRP', 'Leucocytes', 'IV Liquid', 'IV Antibiotics', 'LacticAcid')",1,557
670,"('ER Registration', 'ER Triage', 'ER Sepsis Triage', 'Leucocytes', 'Admission NC', 'Leucocytes', 'Leucocytes', 'Leucocytes', 'Leucocytes', 'CRP', 'Release B')",1,558
671,"('ER Registration', 'ER Triage', 'ER Sepsis Triage', 'LacticAcid', 'Leucocytes', 'CRP', 'IV Liquid', 'IV Antibiotics', 'Admission NC', 'LacticAcid', 'Release A')",1,559
672,"('ER Registration', 'ER Triage', 'ER Sepsis Triage', 'IV Liquid', 'CRP', 'LacticAcid', 'Leucocytes', 'IV Antibiotics', 'Admission NC')",1,560
673,"('ER Registration', 'ER Triage', 'ER Sepsis Triage', 'IV Liquid', 'Leucocytes', 'LacticAcid', 'CRP', 'IV Antibiotics', 'Admission NC', 'CRP', 'Leucocytes', 'CRP', 'Leucocytes', 'Release A', 'Return ER')",1,561
674,"('ER Registration', 'ER Triage', 'ER Sepsis Triage', 'IV Liquid', 'Leucocytes', 'CRP', 'IV Antibiotics', 'Admission NC', 'Admission IC', 'LacticAcid', 'CRP', 'Leucocytes', 'Leucocytes', 'CRP', 'LacticAcid', 'LacticAcid', 'Leucocytes', 'LacticAcid', 'CRP', 'Leucocytes', 'LacticAcid', 'LacticAcid', 'Leucocytes', 'LacticAcid', 'CRP', 'Admission NC', 'Leucocytes', 'CRP', 'Leucocytes', 'CRP', 'Release A', 'Return ER')",1,562
675,"('ER Registration', 'ER Triage', 'ER Sepsis Triage', 'CRP', 'LacticAcid', 'Leucocytes', 'IV Liquid', 'IV Antibiotics', 'Admission NC', 'LacticAcid', 'Leucocytes', 'CRP', 'Admission NC', 'Leucocytes', 'CRP', 'CRP', 'Leucocytes', 'Leucocytes', 'CRP', 'CRP', 'Leucocytes', 'CRP', 'CRP', 'CRP', 'Leucocytes', 'CRP', 'Leucocytes', 'CRP', 'CRP', 'Release D', 'Return ER')",1,563
676,"('Leucocytes', 'CRP', 'ER Registration', 'ER Triage', 'ER Sepsis Triage', 'CRP', 'LacticAcid', 'Leucocytes', 'IV Liquid', 'IV Antibiotics', 'Admission NC', 'Leucocytes', 'CRP', 'Admission NC', 'CRP', 'Leucocytes', 'Leucocytes', 'Leucocytes', 'CRP', 'Leucocytes', 'CRP', 'CRP', 'Leucocytes', 'CRP', 'Leucocytes', 'Leucocytes', 'CRP', 'Leucocytes', 'CRP', 'Release A')",1,564
678,"('ER Registration', 'ER Triage', 'ER Sepsis Triage', 'CRP', 'Leucocytes', 'LacticAcid', 'IV Liquid', 'IV Antibiotics', 'Admission IC', 'LacticAcid', 'Leucocytes', 'LacticAcid', 'CRP', 'LacticAcid', 'CRP', 'LacticAcid', 'Leucocytes', 'LacticAcid', 'Leucocytes', 'CRP', 'Admission NC', 'Leucocytes', 'CRP', 'Admission NC', 'CRP', 'Leucocytes', 'CRP', 'CRP', 'Release A')",1,565
690,"('ER Registration', 'ER Triage', 'ER Sepsis Triage', 'LacticAcid', 'CRP', 'Leucocytes', 'IV Liquid', 'IV Antibiotics', 'Admission NC', 'Admission NC', 'Release A')",1,566
679,"('ER Registration', 'ER Triage', 'ER Sepsis Triage', 'LacticAcid', 'CRP', 'Leucocytes', 'IV Antibiotics', 'Admission NC', 'Leucocytes', 'CRP', 'Admission NC', 'CRP', 'Leucocytes', 'CRP', 'Release A')",1,567
680,"('ER Registration', 'ER Triage', 'ER Sepsis Triage', 'LacticAcid', 'CRP', 'Leucocytes', 'IV Antibiotics', 'Admission NC', 'IV Liquid', 'CRP', 'Leucocytes', 'CRP', 'Leucocytes', 'Release A')",1,568
681,"('ER Registration', 'CRP', 'Leucocytes', 'LacticAcid', 'ER Triage', 'ER Sepsis Triage', 'IV Liquid', 'IV Antibiotics', 'Admission NC', 'CRP', 'Leucocytes', 'CRP', 'Release A')",1,569
682,"('ER Registration', 'ER Triage', 'ER Sepsis Triage', 'Leucocytes', 'LacticAcid', 'CRP', 'IV Liquid', 'IV Antibiotics', 'Admission NC', 'Leucocytes', 'Leucocytes', 'CRP', 'CRP', 'CRP', 'Release A', 'Return ER')",1,570
683,"('ER Registration', 'ER Triage', 'ER Sepsis Triage', 'Leucocytes', 'CRP', 'LacticAcid', 'Admission NC', 'Leucocytes', 'CRP', 'Admission NC', 'CRP', 'Leucocytes', 'Leucocytes', 'CRP', 'Leucocytes', 'CRP', 'Release A', 'Return ER')",1,571
684,"('ER Registration', 'ER Triage', 'ER Sepsis Triage', 'CRP', 'LacticAcid', 'Leucocytes', 'IV Liquid', 'IV Antibiotics', 'Admission NC', 'Admission NC', 'CRP', 'CRP', 'Leucocytes', 'Leucocytes', 'CRP', 'Admission NC', 'Release A')",1,572
685,"('ER Registration', 'Leucocytes', 'LacticAcid', 'CRP', 'ER Triage', 'ER Sepsis Triage', 'IV Antibiotics')",1,573
686,"('ER Registration', 'IV Liquid', 'ER Triage', 'Leucocytes', 'CRP', 'LacticAcid', 'ER Sepsis Triage', 'IV Antibiotics', 'Admission NC', 'CRP', 'Leucocytes', 'Leucocytes', 'CRP', 'Admission NC', 'Release A')",1,574
687,"('ER Registration', 'ER Triage', 'IV Liquid', 'Leucocytes', 'CRP', 'Leucocytes', 'LacticAcid', 'ER Sepsis Triage', 'IV Antibiotics')",1,575
688,"('CRP', 'Leucocytes', 'ER Registration', 'ER Triage', 'ER Sepsis Triage', 'LacticAcid', 'Leucocytes', 'CRP', 'IV Liquid', 'IV Antibiotics', 'Admission NC', 'CRP', 'Leucocytes', 'Release A')",1,576
666,"('ER Registration', 'ER Triage', 'Leucocytes', 'LacticAcid', 'CRP', 'ER Sepsis Triage', 'Admission NC', 'Admission NC', 'CRP', 'Leucocytes', 'Leucocytes', 'CRP', 'CRP', 'Leucocytes', 'CRP', 'CRP', 'Leucocytes', 'CRP', 'CRP', 'Release D')",1,577
665,"('ER Registration', 'ER Triage', 'ER Sepsis Triage', 'Leucocytes', 'LacticAcid', 'CRP', 'IV Liquid', 'IV Antibiotics', 'Admission NC', 'CRP', 'Leucocytes', 'Leucocytes', 'CRP', 'Leucocytes', 'CRP', 'CRP', 'Leucocytes', 'CRP', 'Leucocytes', 'Release C')",1,578
664,"('ER Registration', 'ER Triage', 'ER Sepsis Triage', 'IV Liquid', 'LacticAcid', 'Leucocytes', 'CRP', 'IV Antibiotics', 'Admission NC', 'Leucocytes', 'CRP', 'Leucocytes', 'CRP', 'Release A', 'Return ER')",1,579
663,"('ER Registration', 'ER Triage', 'ER Sepsis Triage', 'LacticAcid', 'Leucocytes', 'CRP', 'IV Liquid', 'IV Antibiotics', 'Admission IC', 'LacticAcid', 'LacticAcid', 'Leucocytes', 'LacticAcid', 'CRP', 'LacticAcid', 'Leucocytes', 'LacticAcid', 'LacticAcid', 'Leucocytes', 'CRP', 'LacticAcid', 'LacticAcid', 'CRP', 'LacticAcid', 'Leucocytes', 'Leucocytes', 'CRP', 'LacticAcid', 'Leucocytes', 'CRP', 'LacticAcid', 'Admission NC', 'Release A', 'Return ER')",1,580
642,"('ER Registration', 'ER Triage', 'ER Sepsis Triage', 'LacticAcid', 'Leucocytes', 'CRP', 'IV Liquid', 'IV Antibiotics', 'Admission NC', 'Leucocytes', 'CRP', 'Leucocytes', 'CRP', 'Leucocytes', 'CRP', 'Leucocytes', 'CRP', 'Release A')",1,581
643,"('ER Registration', 'ER Triage', 'ER Sepsis Triage', 'Leucocytes', 'LacticAcid', 'CRP', 'Admission NC', 'Release A', 'Return ER')",1,582
644,"('ER Registration', 'IV Liquid', 'ER Triage', 'ER Sepsis Triage', 'IV Antibiotics', 'CRP', 'LacticAcid', 'Leucocytes', 'Admission IC', 'CRP', 'LacticAcid', 'Leucocytes', 'CRP', 'Leucocytes', 'LacticAcid', 'LacticAcid', 'CRP', 'Leucocytes', 'Leucocytes', 'CRP', 'LacticAcid', 'Admission NC', 'Release A', 'Return ER')",1,583
645,"('ER Registration', 'ER Triage', 'ER Sepsis Triage', 'CRP', 'LacticAcid', 'Leucocytes', 'IV Liquid', 'IV Antibiotics', 'Admission NC', 'Leucocytes', 'CRP', 'Leucocytes', 'CRP', 'CRP', 'Leucocytes', 'CRP', 'Leucocytes', 'CRP', 'Leucocytes', 'Release A', 'Return ER')",1,584
646,"('ER Registration', 'ER Triage', 'ER Sepsis Triage', 'Leucocytes', 'CRP', 'IV Antibiotics', 'Admission NC', 'LacticAcid', 'Admission NC', 'Admission NC', 'IV Liquid', 'Leucocytes', 'CRP', 'CRP', 'Leucocytes', 'Release B')",1,585
647,"('ER Registration', 'ER Triage', 'ER Sepsis Triage', 'IV Liquid', 'IV Antibiotics', 'Leucocytes', 'CRP', 'LacticAcid', 'Admission NC', 'Release A')",1,586
648,"('ER Registration', 'ER Triage', 'CRP', 'Leucocytes', 'LacticAcid', 'Admission NC', 'ER Sepsis Triage', 'IV Liquid', 'IV Antibiotics', 'Admission NC', 'Leucocytes', 'CRP', 'Release A')",1,587
649,"('ER Registration', 'ER Triage', 'ER Sepsis Triage', 'CRP', 'Leucocytes', 'Admission NC', 'Leucocytes', 'CRP', 'Leucocytes', 'Leucocytes', 'CRP', 'CRP', 'Leucocytes', 'Release A', 'CRP', 'Leucocytes')",1,588
650,"('ER Registration', 'ER Triage', 'Leucocytes', 'LacticAcid', 'CRP', 'ER Sepsis Triage')",1,589
651,"('ER Registration', 'ER Triage', 'ER Sepsis Triage', 'CRP', 'LacticAcid', 'Leucocytes', 'IV Antibiotics', 'Admission NC', 'Leucocytes', 'CRP', 'Release A')",1,590
652,"('ER Registration', 'ER Triage', 'ER Sepsis Triage', 'IV Liquid', 'IV Antibiotics', 'LacticAcid', 'Leucocytes', 'CRP', 'Admission NC', 'Admission NC', 'Leucocytes', 'CRP', 'Leucocytes', 'CRP', 'Release A')",1,591
653,"('ER Registration', 'ER Triage', 'CRP', 'LacticAcid', 'Leucocytes', 'IV Liquid', 'ER Sepsis Triage', 'IV Antibiotics', 'Admission NC', 'CRP', 'LacticAcid', 'CRP', 'Release A')",1,592
654,"('ER Registration', 'CRP', 'Leucocytes', 'LacticAcid', 'ER Triage', 'ER Sepsis Triage', 'IV Liquid', 'IV Antibiotics', 'Admission NC', 'CRP', 'Leucocytes', 'Release A')",1,593
655,"('ER Registration', 'ER Triage', 'ER Sepsis Triage', 'CRP', 'Leucocytes', 'LacticAcid', 'Admission NC', 'Admission NC', 'CRP', 'Leucocytes', 'Leucocytes', 'CRP', 'Leucocytes', 'CRP', 'Leucocytes', 'CRP', 'CRP', 'Leucocytes', 'Leucocytes', 'CRP', 'Release C')",1,594
656,"('ER Registration', 'ER Triage', 'ER Sepsis Triage', 'Leucocytes', 'CRP', 'Admission NC', 'Admission NC', 'Leucocytes', 'CRP', 'CRP', 'Leucocytes', 'Leucocytes', 'Leucocytes', 'CRP', 'Release A')",1,595
449,"('IV Liquid', 'ER Registration', 'ER Triage', 'ER Sepsis Triage', 'IV Antibiotics', 'LacticAcid', 'Leucocytes', 'CRP', 'Admission NC', 'Admission NC', 'CRP', 'Leucocytes', 'Leucocytes', 'Release A', 'Return ER')",1,596
658,"('ER Registration', 'ER Triage', 'ER Sepsis Triage', 'IV Liquid', 'Leucocytes', 'CRP', 'LacticAcid', 'IV Antibiotics', 'Admission NC', 'CRP', 'Leucocytes', 'Leucocytes', 'CRP', 'CRP', 'Leucocytes', 'Leucocytes', 'Leucocytes', 'Leucocytes', 'Leucocytes', 'CRP', 'Leucocytes', 'CRP', 'Leucocytes', 'CRP', 'Leucocytes', 'Leucocytes', 'Release A')",1,597
659,"('ER Registration', 'ER Triage', 'ER Sepsis Triage', 'LacticAcid', 'CRP', 'Leucocytes', 'IV Antibiotics', 'Admission NC', 'LacticAcid', 'IV Liquid', 'Leucocytes', 'CRP', 'Release A')",1,598
660,"('ER Registration', 'ER Triage', 'ER Sepsis Triage', 'IV Liquid', 'IV Antibiotics', 'CRP', 'Leucocytes', 'LacticAcid', 'Admission NC', 'Leucocytes', 'CRP', 'Admission NC', 'Leucocytes', 'CRP', 'Leucocytes', 'CRP', 'Release A')",1,599
661,"('ER Registration', 'ER Triage', 'ER Sepsis Triage', 'IV Liquid', 'CRP', 'Leucocytes', 'LacticAcid', 'IV Antibiotics', 'Admission NC', 'Release A')",1,600
662,"('ER Registration', 'ER Triage', 'ER Sepsis Triage', 'LacticAcid', 'Leucocytes', 'CRP', 'Admission NC', 'Admission NC', 'IV Antibiotics', 'IV Liquid', 'CRP', 'Leucocytes', 'CRP', 'Leucocytes', 'CRP', 'CRP', 'Leucocytes', 'Admission NC', 'Admission IC', 'LacticAcid', 'Leucocytes', 'CRP', 'CRP', 'Leucocytes', 'LacticAcid', 'Admission NC', 'Release A')",1,601
689,"('ER Registration', 'ER Triage', 'ER Sepsis Triage', 'LacticAcid', 'Leucocytes', 'CRP', 'Admission NC')",1,602
691,"('ER Registration', 'ER Triage', 'ER Sepsis Triage', 'LacticAcid', 'Leucocytes', 'CRP', 'Admission NC', 'Admission NC', 'CRP', 'Leucocytes', 'Release A', 'Return ER')",1,603
741,"('IV Liquid', 'ER Registration', 'ER Triage', 'ER Sepsis Triage', 'CRP', 'LacticAcid', 'Leucocytes', 'IV Antibiotics', 'Admission NC', 'CRP', 'CRP', 'Leucocytes', 'CRP', 'Leucocytes', 'CRP', 'Leucocytes', 'CRP', 'Release C')",1,604
728,"('ER Registration', 'IV Liquid', 'ER Triage', 'ER Sepsis Triage', 'LacticAcid', 'Leucocytes', 'CRP', 'IV Antibiotics', 'Admission NC', 'CRP', 'Leucocytes', 'Release A')",1,605
718,"('ER Registration', 'ER Triage', 'LacticAcid', 'CRP', 'Leucocytes', 'ER Sepsis Triage', 'IV Liquid', 'IV Antibiotics', 'Admission NC', 'Admission NC', 'CRP', 'Leucocytes', 'Leucocytes', 'CRP', 'Release B')",1,606
719,"('ER Registration', 'ER Triage', 'ER Sepsis Triage', 'CRP', 'Leucocytes', 'LacticAcid', 'IV Liquid', 'IV Antibiotics', 'Admission NC', 'CRP', 'Leucocytes', 'Release D')",1,607
720,"('ER Triage', 'ER Registration', 'ER Sepsis Triage', 'IV Liquid', 'IV Antibiotics', 'Leucocytes', 'CRP', 'LacticAcid', 'Admission NC', 'Admission NC', 'CRP', 'Leucocytes', 'CRP', 'Leucocytes', 'Release C', 'Return ER')",1,608
721,"('ER Registration', 'ER Triage', 'ER Sepsis Triage', 'IV Liquid', 'IV Antibiotics', 'Leucocytes', 'CRP', 'LacticAcid', 'Admission NC', 'Admission NC', 'CRP', 'Leucocytes', 'CRP', 'Leucocytes', 'Leucocytes', 'Release A')",1,609
722,"('ER Registration', 'ER Triage', 'ER Sepsis Triage', 'Leucocytes', 'CRP', 'LacticAcid', 'IV Liquid', 'IV Antibiotics', 'Admission NC', 'Leucocytes', 'CRP', 'Admission NC', 'Leucocytes', 'CRP', 'Admission NC', 'Release A')",1,610
723,"('ER Triage', 'ER Registration', 'ER Sepsis Triage', 'CRP', 'Leucocytes', 'LacticAcid', 'IV Liquid', 'IV Antibiotics', 'Admission NC', 'Leucocytes', 'CRP', 'Admission NC', 'Release A', 'Return ER')",1,611
724,"('ER Registration', 'ER Triage', 'LacticAcid', 'Leucocytes', 'CRP', 'ER Sepsis Triage', 'IV Antibiotics', 'IV Liquid', 'Admission NC', 'Admission NC', 'CRP', 'Leucocytes', 'Leucocytes', 'CRP', 'CRP', 'Leucocytes', 'Release A')",1,612
725,"('ER Registration', 'ER Triage', 'ER Sepsis Triage', 'Leucocytes', 'Leucocytes', 'CRP')",1,613
726,"('ER Registration', 'ER Triage', 'ER Sepsis Triage', 'IV Liquid', 'LacticAcid', 'Leucocytes', 'CRP', 'IV Antibiotics', 'Admission NC', 'CRP', 'Release A')",1,614
727,"('ER Registration', 'ER Triage', 'ER Sepsis Triage', 'CRP', 'Admission NC', 'Admission NC', 'Release A', 'Return ER')",1,615
729,"('ER Registration', 'ER Triage', 'ER Sepsis Triage', 'CRP', 'LacticAcid', 'Leucocytes', 'Admission NC', 'Admission NC', 'CRP', 'CRP', 'CRP', 'Release A')",1,616
692,"('ER Registration', 'ER Triage', 'ER Sepsis Triage', 'Leucocytes', 'CRP', 'LacticAcid', 'IV Liquid', 'IV Antibiotics', 'Admission NC', 'CRP', 'Leucocytes', 'Admission NC', 'Leucocytes', 'CRP', 'Release C')",1,617
730,"('IV Liquid', 'ER Registration', 'ER Triage', 'ER Sepsis Triage', 'LacticAcid', 'CRP', 'Leucocytes', 'IV Antibiotics', 'Admission NC', 'Admission NC', 'Release A', 'Return ER')",1,618
731,"('ER Registration', 'ER Triage', 'ER Sepsis Triage', 'IV Liquid', 'IV Antibiotics', 'CRP', 'LacticAcid', 'Leucocytes', 'Admission IC', 'Leucocytes', 'CRP', 'LacticAcid', 'LacticAcid', 'CRP', 'Leucocytes', 'Admission NC', 'CRP', 'CRP', 'Leucocytes', 'Release A')",1,619
732,"('IV Liquid', 'ER Registration', 'ER Triage', 'ER Sepsis Triage', 'LacticAcid', 'Leucocytes', 'CRP', 'IV Antibiotics', 'Admission IC', 'Leucocytes', 'CRP', 'LacticAcid', 'CRP', 'LacticAcid', 'Leucocytes', 'Admission NC', 'Leucocytes', 'CRP', 'Leucocytes', 'CRP', 'Leucocytes', 'CRP', 'Leucocytes', 'CRP', 'CRP', 'Leucocytes', 'Leucocytes', 'CRP', 'Leucocytes', 'CRP', 'Release A')",1,620
733,"('ER Registration', 'ER Triage', 'CRP', 'LacticAcid', 'Leucocytes', 'ER Sepsis Triage', 'Admission IC', 'LacticAcid', 'Leucocytes', 'CRP', 'LacticAcid', 'Leucocytes', 'CRP', 'LacticAcid', 'Admission NC', 'Release A', 'Return ER')",1,621
734,"('ER Registration', 'ER Triage', 'ER Sepsis Triage', 'CRP', 'Leucocytes', 'IV Liquid', 'IV Antibiotics')",1,622
735,"('ER Registration', 'ER Triage', 'ER Sepsis Triage', 'Leucocytes', 'LacticAcid', 'CRP', 'IV Antibiotics', 'IV Liquid', 'Admission NC', 'CRP', 'Leucocytes', 'CRP', 'Admission NC', 'Leucocytes', 'Leucocytes', 'CRP', 'Admission NC', 'CRP', 'Leucocytes', 'Release A', 'Return ER')",1,623
737,"('ER Registration', 'ER Triage', 'ER Sepsis Triage', 'CRP', 'Leucocytes', 'LacticAcid', 'IV Liquid', 'IV Antibiotics', 'Admission NC', 'Leucocytes', 'CRP', 'CRP', 'Leucocytes', 'Release A')",1,624
738,"('ER Registration', 'ER Triage', 'ER Sepsis Triage', 'Leucocytes', 'CRP', 'LacticAcid', 'IV Liquid', 'IV Antibiotics', 'Admission NC', 'CRP', 'Admission IC', 'CRP', 'Leucocytes', 'LacticAcid', 'LacticAcid', 'Leucocytes', 'CRP', 'Leucocytes', 'LacticAcid', 'CRP', 'CRP', 'Leucocytes', 'LacticAcid', 'LacticAcid', 'CRP', 'Leucocytes', 'Admission NC', 'Leucocytes', 'CRP', 'Admission NC', 'Leucocytes', 'CRP', 'CRP', 'Leucocytes', 'Release D', 'Return ER')",1,625
739,"('ER Registration', 'ER Triage', 'ER Sepsis Triage', 'IV Antibiotics', 'IV Liquid', 'Leucocytes', 'CRP', 'LacticAcid', 'Admission NC', 'Leucocytes', 'CRP', 'Release A')",1,626
740,"('ER Registration', 'ER Triage', 'ER Sepsis Triage', 'CRP', 'Leucocytes', 'Admission NC', 'CRP', 'Release A', 'Return ER')",1,627
717,"('ER Registration', 'ER Triage', 'ER Sepsis Triage', 'IV Liquid', 'CRP', 'Leucocytes', 'LacticAcid', 'IV Antibiotics', 'Admission NC', 'CRP', 'Leucocytes', 'Leucocytes', 'Leucocytes', 'CRP', 'LacticAcid', 'LacticAcid', 'Leucocytes', 'CRP', 'CRP', 'Leucocytes', 'Release A', 'Return ER')",1,628
716,"('ER Registration', 'ER Triage', 'ER Sepsis Triage', 'LacticAcid', 'Leucocytes', 'CRP', 'IV Antibiotics', 'IV Liquid', 'Admission NC', 'Admission IC', 'LacticAcid', 'CRP', 'Leucocytes', 'CRP', 'Leucocytes', 'LacticAcid', 'CRP', 'Leucocytes', 'LacticAcid', 'Admission NC', 'CRP', 'Leucocytes', 'CRP', 'Leucocytes', 'CRP', 'Leucocytes', 'Release A', 'Return ER')",1,629
715,"('ER Registration', 'ER Triage', 'ER Sepsis Triage', 'Leucocytes', 'CRP', 'IV Liquid', 'IV Antibiotics', 'Admission NC', 'CRP', 'Leucocytes', 'CRP', 'Leucocytes', 'CRP', 'Leucocytes', 'Release A')",1,630
714,"('ER Registration', 'ER Triage', 'ER Sepsis Triage', 'IV Liquid', 'IV Antibiotics', 'Leucocytes', 'CRP', 'LacticAcid')",1,631
693,"('ER Registration', 'ER Triage', 'ER Sepsis Triage', 'Leucocytes', 'LacticAcid', 'CRP', 'IV Liquid', 'IV Antibiotics', 'Admission NC', 'Leucocytes', 'CRP', 'Admission NC', 'CRP', 'Leucocytes', 'Release A')",1,632
694,"('ER Registration', 'Leucocytes', 'CRP', 'LacticAcid', 'ER Triage', 'ER Sepsis Triage', 'IV Antibiotics', 'IV Liquid', 'Admission NC', 'Leucocytes', 'CRP', 'Release A')",1,633
695,"('ER Registration', 'ER Triage', 'ER Sepsis Triage', 'LacticAcid', 'Leucocytes', 'CRP', 'IV Liquid', 'IV Antibiotics', 'Admission NC', 'CRP', 'Leucocytes', 'Leucocytes', 'CRP', 'Release A', 'Return ER')",1,634
696,"('Leucocytes', 'ER Registration', 'ER Triage', 'ER Sepsis Triage', 'IV Liquid', 'Leucocytes', 'CRP', 'LacticAcid', 'IV Antibiotics', 'Admission NC', 'Leucocytes', 'CRP', 'Release A', 'Return ER')",1,635
697,"('ER Registration', 'Leucocytes', 'CRP', 'LacticAcid', 'ER Triage', 'ER Sepsis Triage', 'IV Liquid', 'IV Antibiotics', 'Admission NC')",1,636
698,"('ER Registration', 'ER Triage', 'ER Sepsis Triage', 'CRP', 'LacticAcid', 'Leucocytes', 'IV Liquid', 'IV Antibiotics', 'Admission NC', 'Leucocytes', 'CRP', 'Release B')",1,637
699,"('ER Registration', 'ER Triage', 'ER Sepsis Triage', 'IV Liquid', 'Leucocytes', 'LacticAcid', 'CRP', 'IV Antibiotics', 'Admission IC', 'LacticAcid', 'CRP', 'Leucocytes', 'LacticAcid', 'LacticAcid', 'CRP', 'Leucocytes', 'Admission NC', 'Leucocytes', 'CRP', 'Release A', 'Return ER')",1,638
700,"('ER Registration', 'ER Triage', 'ER Sepsis Triage', 'CRP', 'LacticAcid', 'Leucocytes', 'IV Liquid', 'IV Antibiotics', 'Admission NC', 'CRP', 'Leucocytes', 'Admission NC', 'Release A')",1,639
701,"('ER Registration', 'ER Triage', 'ER Sepsis Triage', 'IV Liquid', 'IV Antibiotics', 'CRP', 'Leucocytes', 'LacticAcid', 'Admission IC', 'CRP', 'LacticAcid', 'Leucocytes', 'LacticAcid', 'CRP', 'Leucocytes', 'Admission NC', 'CRP', 'Leucocytes', 'Release A', 'Return ER')",1,640
702,"('ER Registration', 'ER Triage', 'ER Sepsis Triage', 'Leucocytes', 'CRP', 'LacticAcid', 'IV Antibiotics', 'Admission NC', 'Admission NC', 'CRP', 'Leucocytes', 'Release A', 'Return ER')",1,641
703,"('ER Registration', 'ER Triage', 'ER Sepsis Triage', 'LacticAcid', 'Leucocytes', 'CRP', 'IV Antibiotics', 'IV Liquid', 'Admission NC', 'CRP', 'Leucocytes', 'CRP', 'Release A')",1,642
704,"('ER Registration', 'ER Triage', 'ER Sepsis Triage', 'LacticAcid', 'CRP', 'Leucocytes', 'IV Liquid', 'IV Antibiotics', 'Admission NC', 'CRP', 'Leucocytes', 'CRP', 'Leucocytes', 'Release A', 'Return ER')",1,643
705,"('ER Registration', 'Leucocytes', 'LacticAcid', 'CRP', 'ER Triage', 'ER Sepsis Triage', 'IV Antibiotics', 'Admission NC', 'Admission NC', 'IV Liquid', 'Release A')",1,644
706,"('ER Registration', 'ER Triage', 'ER Sepsis Triage', 'LacticAcid', 'CRP', 'Leucocytes', 'IV Liquid', 'IV Antibiotics', 'Admission IC', 'Leucocytes', 'CRP', 'LacticAcid', 'LacticAcid', 'CRP', 'Leucocytes', 'CRP', 'LacticAcid', 'Leucocytes', 'Release A')",1,645
707,"('ER Registration', 'ER Triage', 'ER Sepsis Triage', 'Leucocytes', 'CRP', 'LacticAcid', 'IV Antibiotics', 'IV Liquid', 'Admission NC', 'Admission NC', 'Leucocytes', 'CRP', 'Leucocytes', 'CRP', 'Leucocytes', 'Release A')",1,646
708,"('ER Registration', 'ER Triage', 'ER Sepsis Triage', 'LacticAcid', 'Leucocytes', 'CRP', 'Admission NC', 'CRP', 'Leucocytes', 'CRP', 'Leucocytes', 'CRP', 'Leucocytes', 'CRP', 'Release A', 'Return ER')",1,647
709,"('ER Registration', 'ER Triage', 'ER Sepsis Triage', 'IV Liquid', 'IV Antibiotics', 'LacticAcid', 'CRP', 'Leucocytes', 'Admission NC', 'Admission NC', 'Leucocytes', 'CRP', 'CRP', 'CRP', 'Leucocytes', 'CRP', 'Release A', 'Return ER')",1,648
710,"('ER Registration', 'ER Triage', 'ER Sepsis Triage', 'Leucocytes', 'CRP', 'LacticAcid', 'IV Antibiotics', 'IV Liquid', 'Admission IC', 'CRP', 'Leucocytes', 'LacticAcid', 'Leucocytes', 'LacticAcid', 'LacticAcid', 'CRP', 'Leucocytes', 'Leucocytes', 'CRP', 'LacticAcid', 'Leucocytes', 'LacticAcid', 'CRP', 'LacticAcid', 'Leucocytes', 'CRP', 'Admission NC', 'Leucocytes', 'CRP', 'Leucocytes', 'Leucocytes', 'CRP', 'Leucocytes', 'CRP', 'Leucocytes', 'Release A')",1,649
711,"('ER Registration', 'ER Triage', 'ER Sepsis Triage', 'LacticAcid', 'CRP', 'Leucocytes', 'IV Liquid', 'IV Antibiotics', 'Admission NC', 'Admission NC', 'CRP', 'Leucocytes', 'Release A')",1,650
712,"('ER Registration', 'ER Triage', 'LacticAcid', 'CRP', 'Leucocytes', 'ER Sepsis Triage', 'IV Liquid', 'IV Antibiotics', 'Admission NC', 'Leucocytes', 'CRP', 'CRP', 'Leucocytes', 'Admission NC', 'Leucocytes', 'CRP', 'Admission NC', 'Leucocytes', 'CRP', 'Release A')",1,651
713,"('ER Registration', 'ER Triage', 'ER Sepsis Triage', 'Leucocytes', 'CRP', 'LacticAcid', 'IV Liquid', 'IV Antibiotics', 'Admission NC', 'Leucocytes', 'Admission NC', 'CRP', 'Leucocytes', 'Release D')",1,652
450,"('ER Registration', 'ER Triage', 'IV Liquid', 'Leucocytes', 'CRP', 'LacticAcid', 'ER Sepsis Triage', 'IV Antibiotics', 'Admission NC', 'CRP', 'Release A', 'Return ER')",1,653
0,"('ER Registration', 'Leucocytes', 'CRP', 'LacticAcid', 'ER Triage', 'ER Sepsis Triage', 'IV Liquid', 'IV Antibiotics', 'Admission NC', 'CRP', 'Leucocytes', 'Leucocytes', 'CRP', 'Leucocytes', 'CRP', 'CRP', 'Leucocytes', 'Leucocytes', 'CRP', 'CRP', 'Leucocytes', 'Release A')",1,654
448,"('ER Registration', 'ER Triage', 'ER Sepsis Triage', 'Leucocytes', 'LacticAcid', 'CRP', 'IV Antibiotics', 'IV Liquid', 'Admission NC', 'Admission NC', 'Admission NC', 'Release A')",1,655
151,"('ER Registration', 'ER Triage', 'ER Sepsis Triage', 'Leucocytes', 'CRP', 'LacticAcid', 'IV Liquid', 'IV Antibiotics', 'Admission NC', 'Admission NC', 'Leucocytes', 'CRP', 'CRP', 'Release A', 'Return ER')",1,656
153,"('ER Registration', 'ER Triage', 'ER Sepsis Triage', 'LacticAcid', 'CRP', 'Leucocytes', 'IV Liquid', 'IV Antibiotics', 'Admission NC', 'CRP', 'CRP', 'Release A')",1,657
154,"('ER Registration', 'ER Triage', 'ER Sepsis Triage', 'LacticAcid', 'Leucocytes', 'CRP', 'IV Liquid', 'IV Antibiotics', 'Admission NC', 'CRP', 'Leucocytes', 'Leucocytes', 'CRP', 'Leucocytes', 'CRP', 'Leucocytes', 'Release A')",1,658
155,"('ER Registration', 'ER Triage', 'Leucocytes', 'LacticAcid', 'CRP', 'Admission IC', 'ER Sepsis Triage', 'IV Liquid', 'IV Antibiotics', 'Leucocytes', 'LacticAcid', 'CRP', 'CRP', 'LacticAcid', 'Leucocytes', 'Admission NC', 'Leucocytes', 'CRP', 'Release A')",1,659
156,"('ER Registration', 'ER Triage', 'ER Sepsis Triage', 'Leucocytes', 'CRP', 'LacticAcid', 'IV Liquid', 'IV Antibiotics', 'Admission NC', 'Leucocytes', 'Admission NC', 'Leucocytes', 'Leucocytes', 'CRP', 'CRP', 'CRP', 'Leucocytes', 'Leucocytes', 'Leucocytes', 'Leucocytes', 'Leucocytes', 'CRP', 'Admission NC', 'Admission NC', 'Leucocytes', 'Leucocytes', 'CRP', 'CRP', 'Leucocytes', 'CRP', 'Leucocytes', 'Release A', 'Return ER')",1,660
159,"('ER Registration', 'ER Triage', 'ER Sepsis Triage', 'CRP', 'Leucocytes', 'LacticAcid', 'IV Antibiotics', 'IV Liquid', 'Admission NC', 'Leucocytes', 'CRP', 'Release A', 'Return ER')",1,661
160,"('ER Registration', 'LacticAcid', 'CRP', 'Leucocytes', 'ER Triage', 'ER Sepsis Triage', 'IV Antibiotics', 'IV Liquid', 'Admission NC', 'Leucocytes', 'CRP', 'Leucocytes', 'CRP', 'Release A')",1,662
161,"('ER Registration', 'ER Triage', 'ER Sepsis Triage', 'IV Liquid', 'Leucocytes', 'CRP', 'LacticAcid', 'IV Antibiotics', 'Admission NC', 'Admission NC', 'CRP', 'Leucocytes', 'Release A')",1,663
163,"('ER Registration', 'ER Triage', 'ER Sepsis Triage', 'CRP', 'LacticAcid', 'Leucocytes', 'IV Liquid', 'IV Antibiotics', 'Admission IC', 'CRP', 'Leucocytes', 'LacticAcid', 'LacticAcid', 'Leucocytes', 'CRP', 'LacticAcid', 'Leucocytes', 'CRP', 'Leucocytes', 'CRP', 'LacticAcid', 'Leucocytes', 'CRP', 'LacticAcid', 'Admission NC', 'CRP', 'Leucocytes', 'CRP', 'Leucocytes', 'Release A')",1,664
164,"('ER Registration', 'ER Triage', 'ER Sepsis Triage', 'LacticAcid', 'CRP', 'Leucocytes', 'IV Antibiotics', 'Admission NC', 'Admission NC', 'CRP', 'Leucocytes', 'CRP', 'Release D', 'Return ER')",1,665
165,"('ER Registration', 'ER Triage', 'Leucocytes', 'CRP', 'LacticAcid', 'ER Sepsis Triage', 'IV Antibiotics', 'Admission NC', 'CRP', 'Leucocytes', 'Release A')",1,666
166,"('ER Registration', 'CRP', 'Leucocytes', 'LacticAcid', 'ER Triage', 'ER Sepsis Triage', 'IV Antibiotics', 'Admission NC', 'Release A')",1,667
167,"('ER Registration', 'ER Triage', 'ER Sepsis Triage', 'IV Liquid', 'Leucocytes', 'CRP', 'LacticAcid', 'IV Antibiotics', 'Admission IC', 'Leucocytes', 'CRP', 'LacticAcid', 'CRP', 'LacticAcid', 'Leucocytes', 'Leucocytes', 'LacticAcid', 'CRP', 'Admission NC', 'Release B')",1,668
168,"('ER Registration', 'ER Triage', 'ER Sepsis Triage', 'IV Liquid', 'CRP', 'Leucocytes', 'LacticAcid', 'IV Antibiotics', 'Admission NC', 'CRP', 'Leucocytes', 'CRP', 'Leucocytes', 'Release A')",1,669
169,"('ER Registration', 'ER Triage', 'ER Sepsis Triage', 'IV Liquid', 'Leucocytes', 'LacticAcid', 'CRP', 'IV Antibiotics', 'Admission NC', 'Admission NC', 'Leucocytes', 'Leucocytes', 'CRP', 'Release A')",1,670
170,"('ER Registration', 'ER Triage', 'LacticAcid', 'Leucocytes', 'CRP', 'ER Sepsis Triage', 'IV Liquid', 'IV Antibiotics', 'Admission NC', 'Admission NC', 'Leucocytes', 'CRP', 'Admission NC', 'Leucocytes', 'Leucocytes', 'CRP', 'Leucocytes', 'Leucocytes', 'CRP', 'Release A')",1,671
171,"('ER Registration', 'ER Triage', 'ER Sepsis Triage', 'LacticAcid', 'Leucocytes', 'CRP', 'IV Liquid', 'IV Antibiotics', 'Admission IC', 'Leucocytes', 'LacticAcid', 'CRP', 'Leucocytes', 'CRP', 'LacticAcid', 'LacticAcid', 'LacticAcid', 'CRP', 'Leucocytes', 'Admission NC', 'Leucocytes', 'CRP', 'Leucocytes', 'CRP', 'CRP', 'Leucocytes', 'CRP', 'Release A', 'Return ER')",1,672
172,"('ER Registration', 'ER Triage', 'ER Sepsis Triage', 'LacticAcid', 'CRP', 'Leucocytes', 'IV Antibiotics', 'IV Liquid', 'Admission NC', 'CRP', 'Leucocytes', 'Leucocytes', 'CRP', 'Leucocytes', 'CRP', 'Release A', 'Return ER')",1,673
173,"('ER Registration', 'ER Triage', 'ER Sepsis Triage', 'LacticAcid', 'Leucocytes', 'CRP', 'IV Liquid', 'IV Antibiotics', 'Admission NC', 'Leucocytes', 'CRP', 'Leucocytes', 'CRP', 'Release A', 'Return ER')",1,674
174,"('ER Registration', 'ER Triage', 'ER Sepsis Triage', 'IV Liquid', 'CRP', 'LacticAcid', 'Leucocytes', 'IV Antibiotics')",1,675
175,"('ER Registration', 'ER Triage', 'ER Sepsis Triage', 'Leucocytes', 'CRP', 'LacticAcid', 'IV Liquid', 'IV Antibiotics', 'Admission NC', 'Admission NC', 'CRP', 'Leucocytes', 'Leucocytes', 'CRP', 'Leucocytes', 'Leucocytes', 'CRP', 'CRP', 'Leucocytes', 'CRP', 'Leucocytes', 'Leucocytes', 'Leucocytes', 'CRP', 'Leucocytes', 'CRP', 'CRP', 'Leucocytes', 'Release A', 'Return ER')",1,676
176,"('ER Registration', 'ER Triage', 'ER Sepsis Triage', 'CRP', 'LacticAcid', 'Leucocytes', 'IV Liquid', 'IV Antibiotics', 'Admission NC', 'Admission NC', 'Admission NC', 'Leucocytes', 'Leucocytes', 'CRP', 'Leucocytes', 'CRP', 'Admission IC', 'Leucocytes', 'CRP', 'LacticAcid', 'Leucocytes', 'Leucocytes', 'Leucocytes', 'Leucocytes', 'Leucocytes', 'Leucocytes', 'Leucocytes', 'CRP', 'LacticAcid', 'Leucocytes', 'Leucocytes', 'Leucocytes', 'Leucocytes', 'Leucocytes', 'Leucocytes', 'Leucocytes', 'Leucocytes', 'LacticAcid', 'CRP', 'LacticAcid', 'Leucocytes', 'CRP', 'Admission NC', 'Leucocytes', 'Leucocytes', 'Leucocytes', 'Release A', 'Return ER')",1,677
152,"('ER Registration', 'ER Triage', 'ER Sepsis Triage', 'CRP', 'LacticAcid', 'Leucocytes', 'Admission NC', 'Leucocytes', 'CRP', 'Leucocytes', 'Admission NC', 'LacticAcid', 'CRP', 'Leucocytes', 'Release B')",1,678
149,"('ER Registration', 'ER Triage', 'ER Sepsis Triage', 'CRP', 'Leucocytes', 'IV Liquid', 'IV Antibiotics', 'Admission IC', 'LacticAcid', 'LacticAcid', 'Leucocytes', 'LacticAcid', 'CRP', 'LacticAcid', 'LacticAcid', 'LacticAcid', 'Leucocytes', 'CRP', 'LacticAcid', 'Leucocytes', 'CRP', 'Admission NC', 'Leucocytes', 'CRP', 'CRP', 'Leucocytes', 'CRP', 'Leucocytes', 'CRP', 'Leucocytes', 'CRP', 'Release A')",1,679
179,"('ER Registration', 'ER Triage', 'ER Sepsis Triage', 'LacticAcid', 'CRP', 'Leucocytes', 'IV Antibiotics', 'Leucocytes', 'CRP', 'IV Liquid')",1,680
148,"('ER Registration', 'ER Triage', 'ER Sepsis Triage', 'Leucocytes', 'LacticAcid', 'CRP', 'IV Liquid', 'IV Antibiotics', 'Admission NC', 'Leucocytes', 'Admission NC', 'CRP', 'Leucocytes', 'Release A')",1,681
116,"('ER Registration', 'ER Triage', 'ER Sepsis Triage', 'CRP', 'Leucocytes', 'LacticAcid', 'IV Antibiotics', 'Admission NC', 'IV Liquid', 'Leucocytes', 'CRP', 'Release C')",1,682
117,"('ER Registration', 'ER Triage', 'Leucocytes', 'CRP', 'LacticAcid', 'ER Sepsis Triage', 'IV Liquid', 'IV Antibiotics', 'Admission NC', 'Leucocytes', 'CRP', 'Leucocytes', 'CRP', 'Leucocytes', 'CRP', 'Release A')",1,683
118,"('ER Registration', 'ER Triage', 'ER Sepsis Triage', 'CRP', 'LacticAcid', 'Leucocytes', 'IV Liquid', 'IV Antibiotics', 'Admission NC', 'Leucocytes', 'CRP', 'Release A')",1,684
119,"('ER Registration', 'ER Triage', 'LacticAcid', 'Leucocytes', 'CRP', 'ER Sepsis Triage', 'IV Liquid', 'IV Antibiotics', 'Admission NC', 'Leucocytes', 'CRP', 'Admission NC', 'CRP', 'Release A')",1,685
123,"('ER Registration', 'ER Triage', 'ER Sepsis Triage', 'IV Liquid', 'IV Antibiotics', 'CRP', 'Leucocytes', 'LacticAcid', 'Admission NC', 'CRP', 'Leucocytes', 'CRP', 'Leucocytes', 'Leucocytes', 'CRP', 'CRP', 'Release A')",1,686
124,"('ER Registration', 'ER Triage', 'ER Sepsis Triage', 'IV Liquid', 'LacticAcid', 'CRP', 'Leucocytes', 'IV Antibiotics', 'Admission NC', 'Leucocytes', 'CRP', 'Admission NC', 'CRP', 'Release A')",1,687
126,"('ER Registration', 'ER Triage', 'ER Sepsis Triage', 'Leucocytes', 'CRP', 'Admission NC', 'Admission NC', 'Leucocytes', 'CRP', 'Release A')",1,688
128,"('ER Registration', 'ER Triage', 'ER Sepsis Triage', 'IV Liquid', 'IV Antibiotics', 'CRP', 'LacticAcid', 'Leucocytes', 'Admission NC', 'Leucocytes', 'CRP', 'Leucocytes', 'Leucocytes', 'CRP', 'CRP', 'Leucocytes', 'Admission NC', 'Release C')",1,689
129,"('ER Registration', 'ER Triage', 'ER Sepsis Triage', 'IV Liquid', 'Leucocytes', 'CRP', 'IV Antibiotics', 'Admission NC', 'Leucocytes', 'Leucocytes', 'CRP', 'CRP', 'Leucocytes', 'Release A', 'Return ER')",1,690
130,"('ER Registration', 'ER Triage', 'ER Sepsis Triage', 'CRP', 'Leucocytes', 'Admission NC', 'CRP', 'Release D')",1,691
132,"('ER Registration', 'ER Triage', 'CRP', 'Leucocytes', 'LacticAcid', 'ER Sepsis Triage', 'IV Liquid', 'IV Antibiotics', 'Admission IC', 'LacticAcid', 'CRP', 'Leucocytes', 'Leucocytes', 'CRP', 'LacticAcid', 'CRP', 'LacticAcid', 'Leucocytes', 'Admission NC', 'Leucocytes', 'CRP', 'Release A', 'Return ER')",1,692
133,"('ER Registration', 'ER Triage', 'ER Sepsis Triage', 'CRP', 'Leucocytes', 'LacticAcid', 'Admission NC', 'Release A', 'Return ER')",1,693
134,"('ER Registration', 'LacticAcid', 'Leucocytes', 'CRP', 'ER Triage', 'ER Sepsis Triage', 'IV Antibiotics', 'IV Liquid', 'Admission NC', 'CRP', 'Leucocytes', 'Release A', 'Return ER')",1,694
135,"('ER Registration', 'ER Triage', 'Leucocytes', 'LacticAcid', 'CRP', 'ER Sepsis Triage', 'IV Liquid', 'IV Antibiotics', 'Admission NC', 'Admission NC', 'Leucocytes', 'CRP', 'Release A', 'Return ER')",1,695
136,"('ER Registration', 'ER Triage', 'ER Sepsis Triage', 'Leucocytes', 'CRP', 'LacticAcid', 'IV Antibiotics', 'IV Liquid', 'Admission NC', 'Leucocytes', 'Release A')",1,696
140,"('ER Registration', 'ER Triage', 'IV Liquid', 'Leucocytes', 'CRP', 'LacticAcid', 'ER Sepsis Triage', 'IV Antibiotics', 'Admission NC', 'Leucocytes', 'CRP', 'Admission NC', 'CRP', 'Leucocytes', 'Release A', 'Return ER')",1,697
141,"('ER Registration', 'ER Triage', 'Leucocytes', 'CRP', 'ER Sepsis Triage', 'IV Liquid', 'LacticAcid', 'IV Antibiotics', 'Admission NC', 'CRP', 'Leucocytes', 'CRP', 'Leucocytes', 'Release A')",1,698
143,"('IV Liquid', 'ER Registration', 'ER Triage', 'ER Sepsis Triage', 'IV Antibiotics', 'CRP', 'Leucocytes', 'LacticAcid', 'Admission NC', 'Admission NC', 'Leucocytes', 'CRP', 'Leucocytes', 'CRP', 'Release A')",1,699
144,"('ER Registration', 'ER Triage', 'ER Sepsis Triage', 'Leucocytes', 'CRP', 'LacticAcid', 'Admission NC', 'Admission NC', 'Release A')",1,700
146,"('ER Registration', 'ER Triage', 'LacticAcid', 'Leucocytes', 'CRP', 'ER Sepsis Triage', 'IV Liquid', 'IV Antibiotics', 'Admission NC', 'Leucocytes', 'CRP', 'Admission NC', 'Release A')",1,701
147,"('Leucocytes', 'CRP', 'ER Registration', 'ER Triage', 'Leucocytes', 'CRP', 'LacticAcid', 'ER Sepsis Triage', 'IV Liquid', 'IV Antibiotics', 'Admission NC', 'CRP', 'Release A')",1,702
178,"('ER Registration', 'ER Triage', 'ER Sepsis Triage', 'LacticAcid', 'Leucocytes', 'CRP', 'IV Antibiotics', 'IV Liquid', 'Admission NC', 'CRP', 'Leucocytes', 'Leucocytes', 'Release A', 'Return ER')",1,703
180,"('ER Registration', 'ER Triage', 'ER Sepsis Triage', 'LacticAcid', 'Leucocytes', 'CRP', 'IV Liquid', 'IV Antibiotics', 'Admission NC', 'Leucocytes', 'CRP', 'Admission NC', 'Leucocytes', 'CRP', 'Leucocytes', 'CRP', 'Leucocytes', 'CRP', 'Leucocytes', 'CRP', 'Leucocytes', 'CRP', 'Release A')",1,704
447,"('ER Registration', 'ER Triage', 'ER Sepsis Triage', 'LacticAcid', 'CRP', 'Leucocytes', 'IV Antibiotics', 'Admission NC', 'CRP', 'Leucocytes', 'Admission NC', 'CRP', 'CRP', 'Leucocytes', 'Release A', 'Return ER')",1,705
208,"('ER Registration', 'ER Triage', 'ER Sepsis Triage', 'CRP', 'Leucocytes', 'IV Antibiotics')",1,706
210,"('ER Registration', 'ER Triage', 'ER Sepsis Triage', 'CRP', 'LacticAcid', 'Leucocytes', 'IV Liquid', 'IV Antibiotics', 'Admission NC')",1,707
211,"('ER Registration', 'ER Triage', 'ER Sepsis Triage', 'LacticAcid', 'Leucocytes', 'CRP', 'IV Antibiotics', 'Admission IC', 'LacticAcid', 'Leucocytes', 'CRP', 'Leucocytes', 'CRP', 'LacticAcid', 'Leucocytes', 'CRP', 'LacticAcid', 'CRP', 'Leucocytes', 'LacticAcid', 'CRP', 'Leucocytes', 'LacticAcid', 'LacticAcid', 'Leucocytes', 'CRP', 'Leucocytes', 'CRP', 'LacticAcid', 'Admission NC', 'CRP', 'Leucocytes', 'CRP', 'Leucocytes', 'Leucocytes', 'Admission NC', 'Release A')",1,708
212,"('ER Registration', 'ER Triage', 'ER Sepsis Triage', 'CRP', 'LacticAcid', 'Leucocytes', 'Admission NC', 'Leucocytes', 'CRP', 'Leucocytes', 'CRP', 'Release A')",1,709
214,"('ER Registration', 'ER Triage', 'Leucocytes', 'LacticAcid', 'CRP', 'ER Sepsis Triage', 'IV Liquid', 'IV Antibiotics', 'Admission NC', 'CRP', 'Leucocytes', 'Leucocytes', 'CRP', 'Leucocytes', 'CRP', 'Admission NC', 'CRP', 'Leucocytes', 'Release A', 'Return ER')",1,710
215,"('ER Registration', 'ER Triage', 'ER Sepsis Triage', 'LacticAcid', 'CRP', 'Leucocytes', 'IV Antibiotics', 'Admission NC', 'CRP', 'Leucocytes', 'Admission NC', 'CRP', 'Leucocytes', 'Leucocytes', 'CRP', 'Release A', 'Return ER')",1,711
216,"('ER Registration', 'ER Triage', 'LacticAcid', 'Leucocytes', 'CRP', 'ER Sepsis Triage', 'IV Liquid', 'IV Antibiotics', 'Admission NC', 'Admission NC', 'CRP', 'Leucocytes', 'Leucocytes', 'CRP', 'CRP', 'Release A', 'Return ER')",1,712
217,"('ER Registration', 'ER Triage', 'ER Sepsis Triage', 'CRP', 'LacticAcid', 'Leucocytes', 'IV Liquid', 'IV Antibiotics', 'Admission NC', 'Admission NC', 'Leucocytes', 'CRP', 'Leucocytes', 'CRP', 'Leucocytes', 'Leucocytes', 'Release A', 'Return ER')",1,713
218,"('ER Registration', 'ER Triage', 'ER Sepsis Triage', 'IV Liquid', 'IV Antibiotics', 'LacticAcid', 'CRP', 'Leucocytes', 'Admission NC', 'Leucocytes', 'CRP', 'Release A')",1,714
219,"('ER Registration', 'ER Triage', 'ER Sepsis Triage', 'IV Liquid', 'IV Antibiotics', 'CRP', 'Leucocytes', 'LacticAcid', 'Admission NC', 'CRP', 'Leucocytes', 'Release A')",1,715
220,"('ER Registration', 'ER Triage', 'ER Sepsis Triage', 'IV Liquid', 'LacticAcid', 'CRP', 'Leucocytes', 'IV Antibiotics', 'Admission NC', 'Leucocytes', 'CRP', 'Leucocytes', 'CRP', 'Leucocytes', 'CRP', 'Release A')",1,716
221,"('ER Registration', 'Leucocytes', 'LacticAcid', 'CRP', 'ER Triage', 'ER Sepsis Triage', 'IV Liquid', 'IV Antibiotics', 'Admission NC', 'Leucocytes', 'CRP', 'Release A', 'Return ER')",1,717
222,"('ER Registration', 'ER Triage', 'ER Sepsis Triage', 'Leucocytes', 'LacticAcid', 'CRP', 'IV Liquid', 'IV Antibiotics', 'Admission NC', 'Release A', 'Return ER')",1,718
223,"('ER Registration', 'ER Triage', 'ER Sepsis Triage', 'IV Liquid', 'IV Antibiotics', 'Leucocytes', 'CRP', 'LacticAcid', 'Admission NC', 'CRP', 'Leucocytes', 'Release A')",1,719
224,"('ER Registration', 'ER Triage', 'ER Sepsis Triage', 'CRP', 'LacticAcid', 'Leucocytes', 'IV Liquid', 'IV Antibiotics', 'Admission NC', 'CRP', 'Leucocytes', 'Leucocytes', 'Release A', 'Return ER')",1,720
225,"('ER Registration', 'ER Triage', 'ER Sepsis Triage', 'Leucocytes', 'LacticAcid', 'CRP', 'IV Liquid', 'IV Antibiotics', 'Admission NC', 'Leucocytes', 'CRP', 'Leucocytes', 'CRP', 'Release C')",1,721
226,"('ER Registration', 'ER Triage', 'ER Sepsis Triage', 'Leucocytes', 'CRP', 'Admission NC', 'Admission NC', 'Release A', 'Return ER')",1,722
227,"('ER Registration', 'ER Triage', 'ER Sepsis Triage', 'Leucocytes', 'LacticAcid', 'CRP', 'IV Liquid', 'IV Antibiotics', 'Admission NC', 'Admission NC', 'Leucocytes', 'CRP', 'CRP', 'Leucocytes', 'Release A')",1,723
228,"('ER Registration', 'ER Triage', 'ER Sepsis Triage', 'Leucocytes', 'CRP', 'LacticAcid', 'IV Antibiotics', 'Admission NC', 'IV Liquid', 'Leucocytes', 'CRP', 'CRP', 'Leucocytes', 'Release A')",1,724
229,"('ER Registration', 'ER Triage', 'ER Sepsis Triage', 'Leucocytes', 'CRP', 'LacticAcid', 'IV Liquid', 'IV Antibiotics', 'Admission IC', 'Leucocytes', 'CRP', 'LacticAcid', 'CRP', 'LacticAcid', 'Leucocytes', 'LacticAcid', 'Leucocytes', 'CRP', 'Leucocytes', 'CRP', 'LacticAcid', 'Leucocytes', 'CRP', 'LacticAcid', 'Leucocytes', 'LacticAcid', 'CRP', 'Leucocytes', 'LacticAcid', 'Leucocytes', 'CRP', 'Leucocytes', 'CRP', 'LacticAcid', 'Admission NC', 'Leucocytes', 'CRP', 'CRP', 'Leucocytes', 'CRP', 'Leucocytes', 'Leucocytes', 'Leucocytes', 'Leucocytes', 'CRP', 'CRP', 'Leucocytes', 'CRP', 'Leucocytes', 'Leucocytes', 'CRP', 'CRP', 'Leucocytes', 'CRP', 'Leucocytes', 'Leucocytes', 'CRP', 'Release A', 'Return ER')",1,725
231,"('ER Registration', 'ER Triage', 'ER Sepsis Triage', 'Leucocytes', 'CRP', 'Admission NC', 'Leucocytes', 'CRP', 'Leucocytes', 'Leucocytes', 'Leucocytes', 'Leucocytes', 'Leucocytes', 'LacticAcid', 'CRP', 'Leucocytes', 'Release A', 'Return ER')",1,726
233,"('ER Registration', 'ER Triage', 'ER Sepsis Triage', 'Leucocytes', 'CRP', 'LacticAcid', 'Leucocytes', 'CRP', 'LacticAcid', 'IV Liquid', 'IV Antibiotics', 'Admission NC', 'CRP', 'Release A')",1,727
209,"('ER Registration', 'ER Triage', 'CRP', 'Leucocytes', 'LacticAcid', 'ER Sepsis Triage', 'Admission NC', 'Release B')",1,728
207,"('ER Registration', 'Leucocytes', 'CRP', 'LacticAcid', 'ER Triage', 'ER Sepsis Triage', 'IV Antibiotics', 'IV Liquid', 'Admission NC', 'Admission IC', 'LacticAcid', 'CRP', 'Leucocytes', 'LacticAcid', 'CRP', 'Leucocytes', 'Leucocytes', 'CRP', 'LacticAcid', 'CRP', 'Leucocytes', 'LacticAcid', 'CRP', 'LacticAcid', 'Leucocytes', 'Admission NC', 'CRP', 'Release A')",1,729
181,"('ER Registration', 'ER Triage', 'ER Sepsis Triage', 'Leucocytes', 'LacticAcid', 'CRP', 'IV Antibiotics', 'IV Liquid', 'Admission NC', 'Admission NC', 'Leucocytes', 'CRP', 'CRP', 'Leucocytes', 'CRP', 'Admission NC', 'Admission NC', 'CRP', 'Admission NC', 'Leucocytes', 'CRP', 'CRP', 'Leucocytes', 'Release A')",1,730
206,"('ER Registration', 'ER Triage', 'ER Sepsis Triage', 'CRP', 'LacticAcid', 'Leucocytes', 'IV Antibiotics', 'Admission NC', 'IV Liquid')",1,731
182,"('ER Registration', 'ER Triage', 'ER Sepsis Triage', 'Leucocytes', 'CRP', 'IV Antibiotics', 'IV Liquid', 'Admission NC', 'Leucocytes', 'Leucocytes', 'Leucocytes', 'Release B')",1,732
183,"('ER Registration', 'ER Triage', 'ER Sepsis Triage', 'Leucocytes', 'CRP', 'LacticAcid', 'IV Antibiotics', 'IV Liquid', 'Admission NC', 'Release A')",1,733
184,"('ER Registration', 'ER Triage', 'ER Sepsis Triage', 'Leucocytes', 'CRP', 'LacticAcid', 'IV Antibiotics', 'Admission NC', 'Leucocytes', 'CRP', 'LacticAcid', 'Admission NC', 'IV Liquid', 'CRP', 'Leucocytes', 'Release A', 'Return ER')",1,734
187,"('ER Registration', 'ER Triage', 'ER Sepsis Triage', 'LacticAcid', 'CRP', 'Leucocytes', 'IV Liquid', 'IV Antibiotics', 'Admission NC', 'Leucocytes', 'CRP', 'Leucocytes', 'CRP', 'Release A', 'Return ER')",1,735
188,"('ER Registration', 'ER Triage', 'ER Sepsis Triage', 'CRP', 'Leucocytes', 'LacticAcid', 'IV Liquid', 'IV Antibiotics', 'CRP', 'Leucocytes', 'LacticAcid')",1,736
189,"('ER Registration', 'ER Triage', 'ER Sepsis Triage', 'CRP', 'LacticAcid', 'Leucocytes', 'IV Antibiotics', 'Admission NC', 'Leucocytes', 'CRP', 'Admission NC', 'IV Liquid', 'CRP', 'Leucocytes', 'Leucocytes', 'CRP', 'Release A', 'Return ER')",1,737
190,"('ER Registration', 'ER Triage', 'Leucocytes', 'LacticAcid', 'CRP', 'ER Sepsis Triage', 'Admission NC', 'CRP', 'Leucocytes', 'CRP', 'Leucocytes', 'CRP', 'Leucocytes', 'CRP', 'Leucocytes', 'Release A', 'Return ER')",1,738
191,"('ER Registration', 'ER Triage', 'Leucocytes', 'CRP', 'LacticAcid', 'ER Sepsis Triage', 'IV Liquid', 'IV Antibiotics', 'Admission NC', 'Release A')",1,739
192,"('ER Registration', 'ER Triage', 'ER Sepsis Triage', 'IV Liquid', 'IV Antibiotics', 'Leucocytes', 'LacticAcid', 'CRP', 'Admission NC', 'CRP', 'Release A')",1,740
193,"('ER Registration', 'ER Triage', 'ER Sepsis Triage', 'CRP', 'Leucocytes', 'LacticAcid', 'IV Antibiotics', 'Admission NC', 'CRP', 'Leucocytes', 'IV Liquid')",1,741
194,"('ER Registration', 'ER Triage', 'ER Sepsis Triage', 'LacticAcid', 'CRP', 'Leucocytes', 'IV Antibiotics', 'Admission NC', 'CRP', 'CRP', 'Leucocytes', 'Release A', 'Return ER')",1,742
195,"('ER Registration', 'ER Triage', 'ER Sepsis Triage', 'CRP', 'LacticAcid', 'Leucocytes', 'IV Antibiotics', 'Admission NC', 'Leucocytes', 'CRP', 'CRP', 'Release A', 'Return ER')",1,743
196,"('ER Registration', 'ER Triage', 'ER Sepsis Triage', 'Leucocytes', 'LacticAcid', 'CRP', 'Admission NC', 'LacticAcid', 'Leucocytes', 'CRP', 'Admission NC', 'Admission NC', 'Release C')",1,744
197,"('ER Registration', 'ER Triage', 'LacticAcid', 'CRP', 'Leucocytes', 'ER Sepsis Triage', 'IV Liquid', 'IV Antibiotics', 'Admission NC', 'CRP', 'Leucocytes', 'Release A', 'Return ER')",1,745
198,"('ER Registration', 'ER Triage', 'ER Sepsis Triage', 'Leucocytes', 'CRP', 'LacticAcid', 'IV Liquid', 'IV Antibiotics', 'Admission NC', 'Leucocytes', 'CRP', 'CRP', 'Leucocytes', 'Leucocytes', 'CRP', 'Release A')",1,746
199,"('ER Registration', 'ER Triage', 'ER Sepsis Triage', 'IV Liquid', 'IV Antibiotics', 'Leucocytes', 'CRP', 'LacticAcid', 'Admission NC', 'CRP', 'CRP', 'Leucocytes', 'Leucocytes', 'CRP', 'CRP', 'Leucocytes', 'Release A')",1,747
200,"('ER Registration', 'ER Triage', 'ER Sepsis Triage', 'Leucocytes', 'CRP', 'LacticAcid', 'Admission NC', 'Leucocytes', 'CRP', 'Admission NC', 'Release A')",1,748
201,"('ER Registration', 'ER Triage', 'ER Sepsis Triage', 'Leucocytes', 'LacticAcid', 'CRP', 'Admission NC', 'IV Liquid', 'IV Antibiotics')",1,749
203,"('ER Registration', 'ER Sepsis Triage', 'ER Triage', 'IV Antibiotics', 'Leucocytes', 'CRP', 'IV Liquid', 'Admission NC', 'CRP', 'Leucocytes', 'CRP', 'Leucocytes', 'CRP', 'CRP', 'Leucocytes', 'Release A')",1,750
204,"('ER Registration', 'CRP', 'LacticAcid', 'Leucocytes', 'ER Triage', 'ER Sepsis Triage', 'IV Liquid', 'IV Antibiotics', 'Admission NC', 'Admission NC', 'Admission NC', 'Release A', 'Return ER')",1,751
205,"('ER Registration', 'IV Liquid', 'ER Triage', 'ER Sepsis Triage', 'CRP', 'LacticAcid', 'Leucocytes', 'IV Antibiotics', 'Admission NC', 'Leucocytes', 'Admission NC', 'LacticAcid', 'CRP', 'Leucocytes', 'LacticAcid', 'Leucocytes', 'CRP', 'Leucocytes', 'CRP', 'LacticAcid', 'CRP', 'Leucocytes', 'Release B')",1,752
114,"('ER Registration', 'ER Triage', 'ER Sepsis Triage', 'Leucocytes', 'CRP', 'LacticAcid', 'LacticAcid', 'IV Liquid', 'IV Antibiotics', 'CRP', 'Leucocytes', 'LacticAcid', 'Admission IC', 'LacticAcid', 'Leucocytes', 'CRP', 'LacticAcid', 'LacticAcid', 'LacticAcid', 'Leucocytes', 'CRP', 'Admission NC', 'Leucocytes', 'CRP', 'LacticAcid', 'CRP', 'Leucocytes', 'Leucocytes', 'CRP', 'LacticAcid', 'Admission NC', 'Leucocytes', 'CRP', 'Leucocytes', 'CRP', 'Leucocytes', 'CRP', 'CRP', 'Leucocytes', 'Release B')",1,753
113,"('ER Registration', 'ER Triage', 'ER Sepsis Triage', 'Leucocytes', 'CRP', 'LacticAcid', 'IV Liquid', 'IV Antibiotics', 'Admission NC', 'Admission NC', 'CRP', 'Leucocytes', 'Admission IC', 'CRP', 'LacticAcid', 'Leucocytes', 'Leucocytes', 'LacticAcid', 'CRP', 'Admission NC', 'CRP', 'Leucocytes', 'Admission NC', 'CRP', 'Leucocytes', 'Leucocytes', 'CRP', 'CRP', 'Leucocytes', 'CRP', 'Leucocytes', 'CRP', 'Release E')",1,754
112,"('ER Registration', 'ER Triage', 'ER Sepsis Triage', 'LacticAcid', 'CRP', 'Leucocytes', 'IV Antibiotics', 'Admission NC', 'CRP', 'Leucocytes', 'Admission NC', 'Leucocytes', 'CRP', 'Release A')",1,755
28,"('ER Registration', 'ER Triage', 'ER Sepsis Triage', 'Leucocytes', 'Admission NC', 'Release A', 'Return ER')",1,756
30,"('ER Registration', 'ER Triage', 'ER Sepsis Triage', 'Leucocytes', 'CRP', 'LacticAcid', 'IV Liquid', 'IV Antibiotics', 'Admission NC', 'CRP', 'Leucocytes', 'CRP', 'Leucocytes', 'Release A')",1,757
31,"('ER Registration', 'ER Triage', 'ER Sepsis Triage', 'Leucocytes', 'LacticAcid', 'CRP', 'IV Liquid', 'IV Antibiotics', 'Admission NC', 'CRP', 'Leucocytes', 'CRP', 'Leucocytes', 'CRP', 'Leucocytes', 'Leucocytes', 'CRP', 'Leucocytes', 'CRP', 'Leucocytes', 'CRP', 'Release A', 'Return ER')",1,758
32,"('ER Registration', 'ER Triage', 'ER Sepsis Triage', 'CRP', 'LacticAcid', 'Leucocytes', 'IV Liquid', 'IV Antibiotics', 'Leucocytes', 'CRP', 'LacticAcid', 'Admission IC', 'Leucocytes', 'LacticAcid', 'Leucocytes', 'LacticAcid', 'Leucocytes', 'CRP', 'LacticAcid', 'CRP', 'Leucocytes', 'Release B')",1,759
33,"('ER Registration', 'ER Triage', 'ER Sepsis Triage', 'IV Liquid', 'IV Antibiotics', 'LacticAcid', 'Leucocytes', 'CRP', 'Admission NC', 'Leucocytes', 'CRP', 'Release A')",1,760
34,"('ER Registration', 'LacticAcid', 'CRP', 'Leucocytes', 'ER Triage', 'ER Sepsis Triage', 'IV Liquid', 'IV Antibiotics', 'Admission NC', 'Release A')",1,761
35,"('ER Registration', 'ER Triage', 'ER Sepsis Triage', 'CRP', 'Leucocytes', 'LacticAcid', 'IV Antibiotics')",1,762
37,"('ER Registration', 'ER Triage', 'CRP', 'Leucocytes', 'LacticAcid', 'ER Sepsis Triage', 'Admission NC', 'Leucocytes', 'CRP', 'Leucocytes', 'CRP', 'CRP', 'Leucocytes', 'CRP', 'Leucocytes', 'Leucocytes', 'CRP', 'CRP', 'Leucocytes', 'Leucocytes', 'CRP', 'Release B')",1,763
38,"('ER Registration', 'ER Triage', 'ER Sepsis Triage', 'Leucocytes', 'CRP', 'LacticAcid', 'IV Liquid', 'IV Antibiotics', 'Admission NC', 'Leucocytes', 'CRP', 'Admission NC', 'CRP', 'Leucocytes', 'Release A')",1,764
39,"('ER Registration', 'ER Triage', 'CRP', 'LacticAcid', 'Leucocytes', 'ER Sepsis Triage', 'IV Liquid', 'IV Antibiotics', 'Admission NC', 'CRP', 'CRP', 'Release A')",1,765
40,"('ER Registration', 'ER Triage', 'ER Sepsis Triage', 'IV Liquid', 'IV Antibiotics', 'LacticAcid', 'CRP', 'Leucocytes', 'Admission NC', 'CRP', 'Leucocytes', 'Release A', 'Return ER')",1,766
43,"('ER Registration', 'ER Triage', 'ER Sepsis Triage', 'CRP', 'LacticAcid', 'Leucocytes', 'IV Liquid', 'IV Antibiotics', 'Admission NC', 'Admission NC', 'Leucocytes', 'CRP', 'CRP', 'Release A')",1,767
44,"('ER Registration', 'ER Triage', 'ER Sepsis Triage', 'IV Liquid', 'Leucocytes', 'LacticAcid', 'CRP', 'IV Antibiotics', 'Admission NC', 'CRP', 'Leucocytes', 'LacticAcid', 'LacticAcid', 'CRP', 'Leucocytes', 'Leucocytes', 'CRP', 'LacticAcid', 'Release E')",1,768
45,"('ER Registration', 'ER Triage', 'IV Liquid', 'ER Sepsis Triage', 'CRP', 'LacticAcid', 'Leucocytes', 'IV Antibiotics', 'Admission NC', 'Leucocytes', 'CRP', 'Release A')",1,769
46,"('ER Registration', 'ER Triage', 'ER Sepsis Triage', 'Leucocytes', 'CRP', 'LacticAcid', 'IV Liquid', 'IV Antibiotics', 'Admission NC', 'Admission NC', 'Leucocytes', 'Release A')",1,770
47,"('ER Registration', 'ER Triage', 'ER Sepsis Triage', 'Leucocytes', 'CRP', 'LacticAcid', 'IV Antibiotics', 'IV Liquid', 'Admission NC', 'Leucocytes', 'Admission NC', 'CRP', 'Leucocytes', 'Release A', 'Return ER')",1,771
48,"('CRP', 'Leucocytes', 'LacticAcid', 'ER Registration', 'ER Triage', 'ER Sepsis Triage', 'IV Antibiotics', 'IV Liquid')",1,772
50,"('Leucocytes', 'CRP', 'ER Registration', 'ER Triage', 'ER Sepsis Triage', 'IV Liquid', 'IV Antibiotics', 'CRP', 'Leucocytes', 'LacticAcid', 'Admission NC', 'Leucocytes', 'LacticAcid', 'Admission NC', 'Leucocytes', 'CRP', 'Admission IC', 'LacticAcid', 'Leucocytes', 'CRP', 'Release B')",1,773
51,"('ER Registration', 'ER Triage', 'ER Sepsis Triage', 'CRP', 'Leucocytes', 'Admission NC', 'Leucocytes', 'Leucocytes', 'Admission NC', 'Release A')",1,774
52,"('ER Registration', 'CRP', 'LacticAcid', 'Leucocytes', 'ER Triage', 'ER Sepsis Triage', 'IV Liquid', 'IV Antibiotics', 'Admission NC', 'Leucocytes', 'CRP', 'Release A')",1,775
53,"('ER Registration', 'ER Triage', 'ER Sepsis Triage', 'Leucocytes', 'LacticAcid', 'CRP', 'IV Antibiotics', 'IV Liquid', 'Admission NC', 'Leucocytes', 'CRP', 'Admission NC', 'CRP', 'Leucocytes', 'Admission NC', 'Leucocytes', 'CRP', 'Leucocytes', 'CRP', 'Release A')",1,776
54,"('ER Registration', 'ER Triage', 'ER Sepsis Triage', 'IV Liquid', 'LacticAcid', 'Leucocytes', 'CRP', 'IV Antibiotics', 'CRP', 'Leucocytes', 'Admission NC', 'Admission NC', 'CRP', 'Leucocytes', 'Release A')",1,777
29,"('ER Registration', 'ER Triage', 'ER Sepsis Triage', 'IV Liquid', 'CRP', 'Leucocytes', 'LacticAcid', 'IV Antibiotics', 'Admission NC', 'CRP', 'Leucocytes')",1,778
27,"('ER Registration', 'ER Triage', 'ER Sepsis Triage', 'CRP', 'Leucocytes', 'Admission NC', 'Leucocytes', 'CRP', 'Release A')",1,779
111,"('ER Registration', 'CRP', 'LacticAcid', 'Leucocytes', 'ER Triage', 'ER Sepsis Triage', 'IV Liquid', 'IV Antibiotics', 'Admission NC', 'Admission NC', 'Leucocytes', 'CRP', 'CRP', 'Leucocytes', 'Release A')",1,780
26,"('ER Registration', 'ER Triage', 'ER Sepsis Triage', 'CRP', 'Leucocytes', 'LacticAcid', 'IV Antibiotics', 'IV Liquid')",1,781
2,"('ER Registration', 'ER Triage', 'ER Sepsis Triage', 'IV Liquid', 'Leucocytes', 'CRP', 'LacticAcid', 'IV Antibiotics', 'Admission NC', 'Release A', 'Return ER')",1,782
4,"('ER Registration', 'ER Triage', 'ER Sepsis Triage', 'IV Liquid', 'LacticAcid', 'Leucocytes', 'CRP', 'IV Antibiotics', 'Admission NC', 'Leucocytes', 'CRP', 'Leucocytes', 'Leucocytes', 'CRP', 'CRP', 'Leucocytes', 'Release A')",1,783
5,"('ER Registration', 'ER Triage', 'ER Sepsis Triage', 'Leucocytes', 'LacticAcid', 'CRP', 'IV Liquid', 'IV Antibiotics', 'Admission NC', 'CRP', 'Leucocytes', 'Release A', 'Return ER')",1,784
6,"('ER Registration', 'ER Triage', 'ER Sepsis Triage', 'LacticAcid', 'CRP', 'Leucocytes', 'IV Liquid', 'IV Antibiotics', 'Admission NC', 'Admission IC', 'Leucocytes', 'LacticAcid', 'CRP', 'LacticAcid', 'Leucocytes', 'CRP', 'Leucocytes', 'CRP', 'LacticAcid', 'CRP', 'LacticAcid', 'Leucocytes', 'Admission NC', 'CRP', 'Leucocytes', 'Leucocytes', 'CRP', 'Release A', 'Return ER')",1,785
7,"('ER Registration', 'ER Triage', 'ER Sepsis Triage', 'LacticAcid', 'Leucocytes', 'CRP', 'IV Antibiotics', 'Admission NC', 'CRP', 'Leucocytes', 'CRP', 'Leucocytes', 'CRP', 'Leucocytes', 'CRP', 'Leucocytes', 'CRP', 'CRP', 'Leucocytes', 'Release A', 'Return ER', 'CRP', 'Leucocytes', 'LacticAcid')",1,786
8,"('ER Registration', 'ER Triage', 'ER Sepsis Triage', 'Leucocytes', 'CRP', 'LacticAcid', 'IV Liquid', 'IV Antibiotics', 'Admission NC', 'Leucocytes', 'CRP', 'Admission IC', 'Leucocytes', 'LacticAcid', 'CRP', 'Admission NC', 'Release A', 'Return ER')",1,787
9,"('ER Registration', 'ER Triage', 'ER Sepsis Triage', 'LacticAcid', 'CRP', 'Leucocytes', 'IV Liquid', 'IV Antibiotics', 'Admission NC')",1,788
10,"('ER Registration', 'CRP', 'Leucocytes', 'ER Triage', 'ER Sepsis Triage', 'LacticAcid', 'IV Liquid', 'IV Antibiotics', 'Admission NC', 'CRP', 'Leucocytes', 'Leucocytes', 'CRP', 'CRP', 'Leucocytes', 'Release A', 'Return ER')",1,789
11,"('ER Registration', 'ER Triage', 'ER Sepsis Triage', 'Leucocytes', 'CRP', 'IV Antibiotics', 'Admission NC', 'CRP', 'CRP', 'CRP', 'CRP', 'Release A', 'Return ER')",1,790
12,"('ER Sepsis Triage', 'ER Registration', 'ER Triage', 'Leucocytes', 'CRP')",1,791
13,"('ER Registration', 'ER Triage', 'ER Sepsis Triage', 'LacticAcid', 'Leucocytes', 'CRP', 'IV Liquid', 'IV Antibiotics', 'Admission NC', 'Leucocytes', 'CRP', 'Admission NC', 'CRP', 'Leucocytes', 'Release A')",1,792
14,"('ER Registration', 'ER Triage', 'ER Sepsis Triage', 'LacticAcid', 'Leucocytes', 'CRP', 'IV Antibiotics', 'Admission NC', 'Leucocytes', 'CRP', 'Release A')",1,793
15,"('ER Registration', 'ER Triage', 'ER Sepsis Triage', 'IV Liquid', 'LacticAcid', 'Leucocytes', 'CRP', 'IV Antibiotics', 'Admission NC', 'Leucocytes', 'CRP', 'Release A')",1,794
16,"('ER Registration', 'ER Triage', 'ER Sepsis Triage', 'LacticAcid', 'CRP', 'Leucocytes', 'IV Liquid', 'IV Antibiotics', 'Admission NC', 'CRP', 'Leucocytes', 'Leucocytes', 'CRP', 'Release A', 'Return ER')",1,795
17,"('ER Registration', 'ER Triage', 'CRP', 'Leucocytes', 'LacticAcid', 'ER Sepsis Triage', 'IV Liquid', 'IV Antibiotics', 'Admission NC', 'Leucocytes', 'Admission NC', 'Leucocytes', 'Leucocytes', 'Leucocytes', 'Leucocytes', 'Release A', 'Return ER')",1,796
18,"('ER Registration', 'ER Triage', 'ER Sepsis Triage', 'Leucocytes', 'CRP', 'LacticAcid', 'IV Liquid', 'IV Antibiotics', 'Admission NC', 'Leucocytes', 'CRP', 'CRP', 'Leucocytes', 'Leucocytes', 'CRP', 'Leucocytes', 'Admission NC', 'CRP', 'Leucocytes', 'Leucocytes', 'Leucocytes', 'CRP', 'CRP', 'Leucocytes', 'Release A')",1,797
19,"('ER Registration', 'CRP', 'Leucocytes', 'ER Triage', 'ER Sepsis Triage')",1,798
20,"('ER Registration', 'ER Triage', 'ER Sepsis Triage', 'IV Liquid', 'Leucocytes', 'CRP', 'LacticAcid', 'IV Antibiotics', 'Admission NC', 'CRP', 'Leucocytes')",1,799
22,"('ER Registration', 'ER Triage', 'LacticAcid', 'Leucocytes', 'CRP', 'ER Sepsis Triage', 'IV Liquid', 'Leucocytes', 'IV Antibiotics', 'Admission NC', 'Admission NC', 'Leucocytes', 'CRP', 'CRP', 'Leucocytes', 'Leucocytes', 'CRP', 'Release A', 'Return ER')",1,800
23,"('ER Registration', 'ER Triage', 'ER Sepsis Triage', 'IV Liquid', 'IV Antibiotics', 'CRP', 'LacticAcid', 'Leucocytes', 'Admission NC', 'Leucocytes', 'Release A')",1,801
25,"('ER Registration', 'ER Triage', 'ER Sepsis Triage', 'Leucocytes', 'CRP', 'Admission NC', 'Leucocytes', 'CRP', 'Release A')",1,802
55,"('ER Registration', 'ER Triage', 'CRP', 'Leucocytes', 'ER Sepsis Triage', 'IV Antibiotics', 'Admission NC', 'LacticAcid', 'Admission NC', 'Release B')",1,803
56,"('IV Liquid', 'ER Registration', 'ER Triage', 'ER Sepsis Triage', 'LacticAcid', 'Leucocytes', 'CRP', 'IV Antibiotics', 'Admission IC', 'LacticAcid', 'CRP', 'Leucocytes', 'Leucocytes', 'CRP', 'LacticAcid', 'Leucocytes', 'LacticAcid', 'CRP', 'CRP', 'Leucocytes', 'LacticAcid', 'CRP', 'LacticAcid', 'Leucocytes', 'LacticAcid', 'Leucocytes', 'CRP', 'CRP', 'Leucocytes', 'LacticAcid', 'Admission NC', 'CRP', 'Leucocytes', 'Leucocytes', 'Release A', 'Return ER')",1,804
57,"('ER Registration', 'ER Triage', 'ER Sepsis Triage', 'Leucocytes', 'CRP', 'LacticAcid', 'IV Liquid', 'IV Antibiotics', 'Admission IC', 'LacticAcid', 'Leucocytes', 'CRP', 'LacticAcid', 'CRP', 'LacticAcid', 'Leucocytes', 'Admission NC', 'CRP', 'Leucocytes', 'CRP', 'Release A')",1,805
58,"('ER Registration', 'ER Triage', 'ER Sepsis Triage', 'Leucocytes', 'CRP', 'LacticAcid', 'IV Antibiotics', 'Admission NC', 'IV Liquid', 'Leucocytes', 'CRP', 'CRP', 'Leucocytes', 'Admission NC', 'Admission NC', 'Release A', 'Return ER')",1,806
87,"('ER Registration', 'ER Triage', 'ER Sepsis Triage', 'LacticAcid', 'CRP', 'Leucocytes', 'IV Antibiotics', 'Admission NC', 'CRP', 'Leucocytes', 'Admission NC', 'CRP', 'Leucocytes', 'Leucocytes', 'CRP', 'Leucocytes', 'CRP', 'Release A')",1,807
88,"('ER Registration', 'ER Triage', 'ER Sepsis Triage', 'LacticAcid', 'CRP', 'Leucocytes', 'IV Liquid', 'IV Antibiotics', 'Admission NC', 'Leucocytes', 'CRP', 'Leucocytes', 'CRP', 'Leucocytes', 'Release A')",1,808
89,"('ER Registration', 'ER Triage', 'ER Sepsis Triage', 'Leucocytes', 'CRP', 'IV Liquid', 'IV Antibiotics', 'Admission NC', 'Admission NC', 'Release B')",1,809
90,"('ER Registration', 'ER Triage', 'ER Sepsis Triage', 'IV Antibiotics', 'Leucocytes', 'CRP', 'LacticAcid', 'Admission NC', 'Release A')",1,810
91,"('ER Registration', 'ER Triage', 'ER Sepsis Triage', 'CRP', 'LacticAcid', 'Leucocytes', 'IV Antibiotics', 'IV Liquid', 'Admission NC', 'Leucocytes', 'CRP', 'Release A', 'Return ER')",1,811
92,"('ER Registration', 'ER Triage', 'ER Sepsis Triage', 'IV Liquid', 'IV Antibiotics', 'LacticAcid', 'Leucocytes', 'CRP', 'Admission NC', 'Leucocytes', 'CRP', 'Admission NC', 'Release A')",1,812
93,"('Leucocytes', 'CRP', 'ER Registration', 'ER Triage', 'ER Sepsis Triage', 'LacticAcid', 'Leucocytes', 'CRP', 'IV Liquid', 'IV Antibiotics', 'Admission NC', 'Leucocytes', 'CRP', 'LacticAcid', 'Leucocytes', 'CRP', 'Admission NC', 'Admission NC', 'CRP', 'Leucocytes', 'CRP', 'Leucocytes', 'CRP', 'Admission NC', 'Release B')",1,813
94,"('ER Registration', 'ER Triage', 'ER Sepsis Triage', 'Leucocytes', 'CRP', 'Admission NC', 'CRP', 'Release A')",1,814
96,"('ER Registration', 'ER Triage', 'ER Sepsis Triage', 'IV Liquid', 'LacticAcid', 'Leucocytes', 'CRP', 'IV Antibiotics', 'Admission NC', 'CRP', 'LacticAcid', 'Leucocytes', 'Leucocytes', 'Leucocytes', 'CRP', 'LacticAcid', 'Release A')",1,815
97,"('ER Registration', 'ER Triage', 'ER Sepsis Triage', 'Leucocytes')",1,816
99,"('ER Registration', 'ER Triage', 'ER Sepsis Triage', 'LacticAcid', 'Leucocytes', 'CRP', 'IV Antibiotics', 'Admission NC', 'CRP', 'Leucocytes', 'Admission NC', 'Leucocytes', 'CRP', 'CRP', 'Release A')",1,817
100,"('ER Registration', 'ER Triage', 'ER Sepsis Triage', 'CRP', 'Leucocytes', 'LacticAcid', 'IV Antibiotics', 'Admission NC')",1,818
101,"('ER Registration', 'ER Triage', 'ER Sepsis Triage', 'Leucocytes', 'CRP', 'LacticAcid', 'IV Antibiotics', 'IV Liquid', 'Admission NC', 'Admission NC', 'Release B')",1,819
102,"('ER Registration', 'ER Triage', 'ER Sepsis Triage', 'Leucocytes', 'CRP', 'Admission NC', 'Leucocytes', 'Leucocytes', 'CRP', 'CRP', 'Leucocytes', 'Leucocytes', 'CRP', 'Leucocytes', 'CRP', 'Release A', 'Return ER')",1,820
103,"('ER Registration', 'CRP', 'Leucocytes', 'ER Triage', 'ER Sepsis Triage', 'IV Antibiotics', 'Admission NC', 'Release A')",1,821
104,"('ER Registration', 'ER Triage', 'ER Sepsis Triage', 'IV Liquid', 'IV Antibiotics', 'Leucocytes', 'LacticAcid', 'CRP', 'Admission NC', 'Admission NC', 'Leucocytes', 'CRP', 'CRP', 'Leucocytes', 'Release C')",1,822
105,"('ER Registration', 'ER Sepsis Triage', 'IV Antibiotics', 'ER Triage', 'CRP', 'Leucocytes', 'LacticAcid', 'IV Liquid', 'Admission NC', 'CRP', 'Leucocytes', 'Admission NC', 'Release A')",1,823
106,"('ER Registration', 'ER Triage', 'ER Sepsis Triage', 'LacticAcid', 'CRP', 'Leucocytes', 'IV Liquid', 'IV Antibiotics', 'Admission NC', 'Leucocytes', 'CRP', 'CRP', 'Leucocytes', 'Leucocytes', 'CRP', 'Release A', 'Return ER')",1,824
108,"('ER Registration', 'ER Triage', 'ER Sepsis Triage', 'LacticAcid', 'CRP', 'Leucocytes', 'IV Antibiotics', 'Admission NC', 'IV Liquid', 'CRP', 'Leucocytes', 'Release A')",1,825
109,"('ER Registration', 'ER Triage', 'ER Sepsis Triage', 'CRP', 'Leucocytes', 'LacticAcid', 'Admission NC', 'CRP', 'Leucocytes', 'Release A', 'Return ER')",1,826
110,"('ER Registration', 'ER Triage', 'ER Sepsis Triage', 'Leucocytes', 'LacticAcid', 'CRP', 'IV Liquid', 'IV Antibiotics', 'Admission NC', 'Leucocytes', 'CRP', 'Release A')",1,827
86,"('ER Registration', 'ER Triage', 'ER Sepsis Triage', 'LacticAcid', 'CRP', 'Leucocytes', 'IV Antibiotics', 'Admission NC', 'CRP', 'Leucocytes', 'CRP', 'Leucocytes', 'Leucocytes', 'CRP', 'Leucocytes', 'CRP', 'CRP', 'Leucocytes', 'Leucocytes', 'CRP', 'Leucocytes', 'CRP', 'CRP', 'CRP', 'Leucocytes', 'Release A', 'Return ER')",1,828
85,"('ER Registration', 'ER Triage', 'CRP', 'Leucocytes', 'LacticAcid', 'ER Sepsis Triage', 'IV Liquid', 'IV Antibiotics', 'Admission NC', 'CRP', 'Leucocytes', 'CRP', 'CRP', 'Release A')",1,829
84,"('ER Registration', 'ER Triage', 'ER Sepsis Triage', 'Leucocytes', 'LacticAcid', 'CRP', 'IV Liquid', 'IV Antibiotics', 'Admission NC', 'Admission NC', 'Release A')",1,830
70,"('ER Registration', 'ER Triage', 'ER Sepsis Triage', 'IV Liquid', 'IV Antibiotics', 'CRP', 'Leucocytes', 'LacticAcid', 'Admission NC', 'Release A', 'Return ER')",1,831
59,"('ER Registration', 'ER Triage', 'ER Sepsis Triage', 'IV Liquid', 'IV Antibiotics', 'CRP', 'Leucocytes', 'LacticAcid', 'Admission NC', 'CRP', 'Leucocytes', 'Release A', 'Return ER')",1,832
60,"('ER Registration', 'ER Triage', 'ER Sepsis Triage', 'Leucocytes', 'CRP', 'LacticAcid', 'LacticAcid', 'IV Liquid', 'IV Antibiotics', 'Admission NC', 'Leucocytes', 'CRP', 'Admission NC', 'CRP', 'Leucocytes', 'CRP', 'Leucocytes', 'Release A', 'Return ER')",1,833
61,"('ER Registration', 'ER Triage', 'ER Sepsis Triage', 'Leucocytes', 'CRP', 'IV Antibiotics', 'Admission NC', 'Admission NC', 'Admission NC', 'CRP', 'Release A')",1,834
62,"('ER Registration', 'ER Triage', 'ER Sepsis Triage', 'LacticAcid', 'Leucocytes', 'CRP', 'IV Liquid', 'IV Antibiotics', 'Admission NC', 'Leucocytes', 'Leucocytes', 'CRP', 'Leucocytes', 'CRP', 'Leucocytes', 'CRP', 'Leucocytes', 'CRP', 'Release A', 'Return ER')",1,835
63,"('ER Registration', 'ER Triage', 'Leucocytes', 'CRP', 'ER Sepsis Triage', 'IV Liquid', 'IV Antibiotics', 'Release B', 'Admission NC')",1,836
64,"('ER Registration', 'ER Triage', 'ER Sepsis Triage', 'Leucocytes', 'LacticAcid', 'CRP', 'IV Liquid', 'IV Antibiotics', 'Admission NC', 'CRP', 'Release A', 'Return ER')",1,837
65,"('ER Registration', 'ER Triage', 'ER Sepsis Triage', 'CRP', 'LacticAcid', 'Leucocytes', 'IV Liquid', 'IV Antibiotics', 'Admission NC', 'Leucocytes', 'CRP', 'CRP', 'Leucocytes', 'CRP', 'Leucocytes', 'Leucocytes', 'CRP', 'CRP', 'Leucocytes', 'Leucocytes', 'CRP', 'CRP', 'Leucocytes', 'CRP', 'CRP', 'Release A')",1,838
68,"('ER Registration', 'ER Triage', 'ER Sepsis Triage', 'Admission NC', 'Admission IC', 'Leucocytes', 'CRP', 'LacticAcid', 'Leucocytes', 'LacticAcid', 'CRP', 'Leucocytes', 'CRP', 'LacticAcid', 'Admission NC', 'CRP', 'Leucocytes', 'Leucocytes', 'CRP', 'CRP', 'Leucocytes', 'Release A')",1,839
69,"('ER Registration', 'ER Triage', 'ER Sepsis Triage', 'CRP', 'Leucocytes', 'LacticAcid', 'IV Liquid', 'IV Antibiotics', 'Admission NC', 'CRP', 'Leucocytes', 'Release A')",1,840
71,"('ER Registration', 'ER Triage', 'ER Sepsis Triage', 'IV Liquid', 'CRP', 'LacticAcid', 'Leucocytes', 'IV Antibiotics', 'Admission NC', 'CRP', 'CRP', 'CRP', 'Release C')",1,841
82,"('ER Registration', 'ER Triage', 'ER Sepsis Triage', 'IV Liquid', 'IV Antibiotics', 'CRP', 'Leucocytes', 'LacticAcid', 'Admission NC', 'Admission NC', 'CRP', 'Leucocytes', 'Release D', 'Return ER')",1,842
72,"('ER Registration', 'ER Triage', 'ER Sepsis Triage', 'IV Liquid', 'IV Antibiotics', 'Leucocytes', 'LacticAcid', 'CRP', 'Admission NC', 'CRP', 'Leucocytes', 'CRP', 'Leucocytes', 'Release A')",1,843
73,"('ER Registration', 'ER Triage', 'ER Sepsis Triage', 'CRP', 'LacticAcid', 'Leucocytes', 'IV Liquid', 'IV Antibiotics', 'Admission NC', 'CRP', 'Leucocytes', 'LacticAcid', 'Admission NC', 'CRP', 'Leucocytes', 'Release A')",1,844
74,"('ER Registration', 'IV Liquid', 'ER Triage', 'Leucocytes', 'CRP', 'LacticAcid', 'ER Sepsis Triage', 'IV Antibiotics', 'Admission NC', 'LacticAcid', 'Leucocytes', 'Admission NC', 'Admission NC', 'Leucocytes', 'CRP', 'CRP', 'Leucocytes', 'Leucocytes', 'CRP', 'Leucocytes', 'Release A')",1,845
75,"('ER Registration', 'ER Triage', 'CRP', 'Leucocytes', 'LacticAcid', 'ER Sepsis Triage', 'IV Liquid', 'IV Antibiotics', 'Admission NC', 'CRP', 'Leucocytes', 'Leucocytes', 'CRP', 'CRP', 'Leucocytes', 'Release A', 'Return ER')",1,846
76,"('ER Registration', 'ER Triage', 'ER Sepsis Triage', 'LacticAcid', 'CRP', 'Leucocytes', 'IV Antibiotics', 'Admission NC', 'Leucocytes', 'CRP', 'Admission NC', 'Leucocytes', 'CRP', 'Leucocytes', 'CRP', 'Leucocytes', 'CRP', 'CRP', 'Leucocytes', 'CRP', 'Leucocytes', 'Leucocytes', 'CRP', 'Release A')",1,847
77,"('ER Registration', 'ER Triage', 'ER Sepsis Triage', 'Leucocytes', 'CRP', 'IV Liquid', 'IV Antibiotics', 'Admission NC', 'Admission NC', 'Leucocytes', 'CRP', 'Leucocytes', 'CRP', 'Release A')",1,848
79,"('ER Registration', 'IV Liquid', 'ER Triage', 'ER Sepsis Triage', 'LacticAcid', 'CRP', 'Leucocytes', 'IV Antibiotics')",1,849
80,"('ER Registration', 'ER Triage', 'ER Sepsis Triage', 'CRP', 'LacticAcid', 'Leucocytes', 'IV Liquid', 'IV Antibiotics', 'Admission NC', 'Admission NC', 'CRP', 'Leucocytes', 'CRP', 'Release A')",1,850
81,"('ER Registration', 'ER Triage', 'ER Sepsis Triage', 'Leucocytes', 'LacticAcid', 'CRP', 'IV Liquid', 'IV Antibiotics', 'Admission NC', 'CRP', 'Leucocytes', 'LacticAcid', 'LacticAcid', 'CRP', 'Admission NC', 'CRP', 'LacticAcid', 'Leucocytes', 'CRP', 'Admission NC', 'Release A')",1,851
234,"('Leucocytes', 'ER Registration', 'ER Triage', 'ER Sepsis Triage', 'CRP', 'LacticAcid', 'Leucocytes', 'IV Antibiotics', 'Admission NC', 'Admission NC', 'Leucocytes', 'Release A')",1,852
235,"('ER Registration', 'ER Triage', 'ER Sepsis Triage', 'IV Liquid', 'IV Antibiotics', 'CRP', 'LacticAcid', 'Leucocytes', 'Admission IC', 'Leucocytes', 'CRP', 'LacticAcid', 'LacticAcid', 'CRP', 'Leucocytes', 'LacticAcid', 'Leucocytes', 'CRP', 'Admission NC', 'Release A', 'Return ER')",1,853
236,"('ER Registration', 'ER Triage', 'LacticAcid', 'Leucocytes', 'CRP', 'ER Sepsis Triage', 'IV Liquid', 'IV Antibiotics', 'Admission NC', 'LacticAcid', 'CRP', 'Leucocytes', 'Admission NC', 'Leucocytes', 'CRP', 'CRP', 'Leucocytes', 'Release A', 'Return ER')",1,854
370,"('ER Registration', 'IV Liquid', 'ER Triage', 'ER Sepsis Triage', 'IV Antibiotics', 'CRP', 'Leucocytes', 'LacticAcid', 'Admission NC', 'Release A')",1,855
372,"('ER Registration', 'ER Triage', 'ER Sepsis Triage', 'IV Liquid', 'Leucocytes', 'CRP', 'LacticAcid', 'IV Antibiotics', 'Admission NC', 'Leucocytes', 'CRP', 'CRP', 'Release A')",1,856
373,"('ER Registration', 'ER Triage', 'ER Sepsis Triage', 'Leucocytes', 'CRP', 'LacticAcid', 'IV Antibiotics', 'Admission NC', 'LacticAcid', 'Release A')",1,857
374,"('Leucocytes', 'CRP', 'ER Registration', 'ER Triage', 'ER Sepsis Triage')",1,858
375,"('ER Registration', 'ER Triage', 'LacticAcid', 'Leucocytes', 'CRP', 'ER Sepsis Triage', 'IV Liquid', 'IV Antibiotics', 'Admission NC', 'CRP', 'Leucocytes', 'CRP', 'Leucocytes', 'Release A')",1,859
376,"('ER Registration', 'ER Triage', 'ER Sepsis Triage', 'LacticAcid', 'CRP', 'Leucocytes', 'IV Liquid', 'IV Antibiotics', 'Admission IC', 'Leucocytes', 'LacticAcid', 'CRP', 'Admission NC', 'Release A')",1,860
377,"('ER Registration', 'ER Triage', 'ER Sepsis Triage', 'LacticAcid', 'Leucocytes', 'CRP', 'IV Liquid', 'IV Antibiotics', 'Admission NC', 'Leucocytes', 'Leucocytes', 'Leucocytes', 'CRP', 'Release A')",1,861
378,"('ER Registration', 'ER Triage', 'ER Sepsis Triage', 'IV Liquid', 'LacticAcid', 'CRP', 'Leucocytes', 'IV Antibiotics', 'Admission NC', 'Leucocytes', 'CRP', 'Admission IC', 'CRP', 'Leucocytes', 'LacticAcid', 'Leucocytes', 'Leucocytes', 'LacticAcid', 'Leucocytes', 'CRP', 'LacticAcid', 'CRP', 'Leucocytes', 'LacticAcid', 'CRP', 'LacticAcid', 'Leucocytes', 'CRP', 'LacticAcid', 'Leucocytes', 'LacticAcid', 'Leucocytes', 'CRP', 'CRP', 'Leucocytes', 'LacticAcid', 'CRP', 'Leucocytes', 'LacticAcid', 'LacticAcid', 'Leucocytes', 'CRP', 'LacticAcid', 'CRP', 'Leucocytes', 'Leucocytes', 'CRP', 'LacticAcid', 'CRP', 'Leucocytes', 'LacticAcid', 'CRP', 'Leucocytes', 'LacticAcid', 'LacticAcid', 'Leucocytes', 'CRP', 'LacticAcid', 'CRP', 'Leucocytes', 'LacticAcid', 'Leucocytes', 'CRP', 'Leucocytes', 'CRP', 'Leucocytes', 'LacticAcid', 'Leucocytes', 'LacticAcid', 'CRP', 'LacticAcid', 'Leucocytes', 'CRP', 'CRP', 'LacticAcid', 'Leucocytes', 'CRP', 'Leucocytes', 'LacticAcid', 'CRP', 'LacticAcid', 'Leucocytes', 'Admission IC', 'CRP', 'LacticAcid', 'Leucocytes', 'Leucocytes', 'Leucocytes', 'CRP', 'LacticAcid', 'LacticAcid', 'CRP', 'LacticAcid', 'Leucocytes', 'CRP', 'Leucocytes', 'LacticAcid', 'CRP', 'LacticAcid', 'Leucocytes', 'CRP', 'LacticAcid', 'Leucocytes', 'LacticAcid', 'CRP', 'Leucocytes', 'LacticAcid', 'Leucocytes', 'CRP', 'CRP', 'Leucocytes', 'LacticAcid', 'Leucocytes', 'CRP', 'LacticAcid', 'CRP', 'Leucocytes', 'LacticAcid', 'LacticAcid', 'Leucocytes', 'CRP', 'LacticAcid', 'Leucocytes', 'CRP', 'LacticAcid', 'Leucocytes', 'CRP', 'LacticAcid', 'CRP', 'Leucocytes', 'LacticAcid', 'CRP', 'Leucocytes', 'Leucocytes', 'CRP', 'LacticAcid', 'LacticAcid', 'Leucocytes', 'CRP', 'CRP', 'LacticAcid', 'Leucocytes', 'Leucocytes', 'CRP', 'LacticAcid', 'LacticAcid', 'CRP', 'Leucocytes', 'CRP', 'LacticAcid', 'Leucocytes', 'CRP', 'LacticAcid', 'Leucocytes', 'Leucocytes', 'LacticAcid', 'CRP', 'Leucocytes', 'LacticAcid', 'CRP', 'CRP', 'LacticAcid', 'Leucocytes', 'Leucocytes', 'Admission NC', 'Leucocytes', 'CRP', 'Leucocytes', 'Release A', 'Return ER')",1,862
379,"('ER Registration', 'ER Triage', 'ER Sepsis Triage', 'IV Liquid', 'CRP', 'Leucocytes', 'LacticAcid', 'IV Antibiotics', 'Admission NC', 'Leucocytes', 'CRP', 'CRP', 'Leucocytes', 'Leucocytes', 'CRP', 'CRP', 'Leucocytes', 'Leucocytes', 'CRP', 'Release D')",1,863
380,"('ER Registration', 'IV Liquid', 'ER Triage', 'ER Sepsis Triage', 'CRP', 'LacticAcid', 'Leucocytes', 'IV Antibiotics', 'Admission NC', 'Admission NC', 'Leucocytes', 'CRP', 'Admission NC', 'Release A')",1,864
381,"('ER Registration', 'ER Triage', 'ER Sepsis Triage', 'Leucocytes', 'LacticAcid', 'CRP', 'IV Liquid', 'IV Antibiotics', 'Admission NC', 'CRP', 'Leucocytes', 'LacticAcid', 'Leucocytes', 'CRP', 'Release A')",1,865
382,"('ER Registration', 'ER Triage', 'ER Sepsis Triage', 'IV Liquid', 'Leucocytes', 'CRP', 'IV Antibiotics', 'Admission NC', 'CRP', 'Leucocytes', 'CRP', 'Leucocytes', 'Leucocytes', 'CRP', 'Release A', 'Return ER')",1,866
383,"('ER Registration', 'IV Liquid', 'ER Triage', 'LacticAcid', 'Leucocytes', 'CRP', 'ER Sepsis Triage', 'IV Antibiotics', 'Admission NC', 'Release A')",1,867
384,"('ER Registration', 'ER Triage', 'CRP', 'Leucocytes', 'ER Sepsis Triage', 'Admission NC', 'CRP', 'Leucocytes', 'CRP', 'Release A', 'Return ER')",1,868
386,"('ER Registration', 'ER Triage', 'ER Sepsis Triage', 'IV Liquid', 'LacticAcid', 'Leucocytes', 'CRP', 'IV Antibiotics', 'Admission NC', 'Admission NC', 'LacticAcid', 'Leucocytes', 'CRP', 'Leucocytes', 'CRP', 'Leucocytes', 'CRP', 'CRP', 'Leucocytes', 'CRP', 'Release A', 'Return ER')",1,869
387,"('ER Registration', 'ER Triage', 'ER Sepsis Triage', 'IV Liquid', 'LacticAcid', 'Leucocytes', 'CRP', 'IV Antibiotics', 'Admission NC', 'Admission NC', 'Leucocytes', 'CRP', 'Release A')",1,870
388,"('ER Registration', 'ER Triage', 'Leucocytes', 'CRP', 'ER Sepsis Triage', 'Admission NC', 'Release A', 'Return ER')",1,871
389,"('ER Registration', 'ER Triage', 'ER Sepsis Triage', 'LacticAcid', 'Leucocytes', 'CRP', 'IV Liquid', 'IV Antibiotics', 'Admission NC', 'Admission NC', 'CRP', 'Release A', 'Return ER')",1,872
390,"('ER Triage', 'Leucocytes', 'CRP', 'LacticAcid', 'Leucocytes', 'ER Registration', 'Admission IC', 'LacticAcid', 'Leucocytes', 'CRP', 'CRP', 'LacticAcid', 'Leucocytes', 'CRP', 'Leucocytes', 'LacticAcid', 'Leucocytes', 'LacticAcid', 'CRP', 'Leucocytes', 'CRP', 'LacticAcid', 'LacticAcid', 'CRP', 'Leucocytes', 'Admission NC', 'Leucocytes', 'CRP', 'Release A', 'Return ER')",1,873
391,"('ER Registration', 'IV Liquid', 'ER Triage', 'ER Sepsis Triage', 'LacticAcid', 'Leucocytes', 'CRP', 'IV Antibiotics', 'Admission NC', 'CRP', 'CRP', 'Leucocytes', 'Admission NC', 'Admission NC', 'Leucocytes', 'CRP', 'Release A')",1,874
392,"('ER Registration', 'ER Triage', 'ER Sepsis Triage', 'Leucocytes', 'CRP', 'LacticAcid', 'IV Liquid', 'IV Antibiotics', 'Admission NC', 'Leucocytes', 'Leucocytes', 'Leucocytes', 'CRP', 'Release A', 'Return ER')",1,875
393,"('ER Registration', 'ER Triage', 'LacticAcid', 'CRP', 'Leucocytes', 'ER Sepsis Triage', 'IV Liquid', 'IV Antibiotics', 'Admission NC', 'Admission NC', 'CRP', 'Leucocytes', 'Leucocytes', 'CRP', 'CRP', 'Leucocytes', 'Leucocytes', 'CRP', 'Release B')",1,876
371,"('ER Registration', 'ER Triage', 'LacticAcid', 'Leucocytes', 'CRP', 'ER Sepsis Triage', 'IV Liquid', 'IV Antibiotics', 'Admission NC', 'CRP', 'Leucocytes', 'Admission NC', 'Leucocytes', 'CRP', 'Release A', 'Return ER')",1,877
369,"('ER Registration', 'ER Triage', 'ER Sepsis Triage', 'IV Liquid', 'CRP', 'LacticAcid', 'Leucocytes', 'IV Antibiotics', 'Admission NC', 'CRP', 'Leucocytes', 'Release A')",1,878
344,"('ER Registration', 'ER Triage', 'CRP', 'LacticAcid', 'Leucocytes', 'ER Sepsis Triage', 'IV Liquid', 'IV Antibiotics', 'Admission NC', 'CRP', 'Leucocytes', 'Release A')",1,879
368,"('ER Registration', 'ER Triage', 'ER Sepsis Triage', 'Leucocytes', 'CRP', 'Admission NC')",1,880
346,"('ER Registration', 'ER Triage', 'CRP', 'Leucocytes', 'LacticAcid', 'ER Sepsis Triage', 'IV Liquid', 'IV Antibiotics', 'Admission NC', 'Leucocytes', 'Leucocytes', 'Leucocytes', 'CRP', 'CRP', 'Leucocytes', 'Leucocytes', 'CRP', 'Release B')",1,881
347,"('ER Registration', 'ER Triage', 'ER Sepsis Triage', 'LacticAcid', 'Leucocytes', 'CRP', 'IV Liquid', 'IV Antibiotics', 'Admission NC', 'CRP', 'CRP', 'Leucocytes', 'CRP', 'Leucocytes', 'Release A', 'Return ER')",1,882
348,"('ER Registration', 'ER Triage', 'Leucocytes', 'CRP', 'ER Sepsis Triage', 'IV Liquid', 'IV Antibiotics', 'Admission NC', 'Leucocytes', 'CRP', 'Leucocytes', 'CRP', 'CRP', 'Leucocytes', 'CRP', 'CRP', 'Leucocytes', 'CRP', 'Leucocytes', 'CRP', 'Leucocytes', 'CRP', 'Leucocytes', 'Leucocytes', 'CRP', 'CRP', 'Leucocytes', 'Leucocytes', 'CRP', 'CRP', 'CRP', 'CRP', 'Leucocytes', 'CRP', 'Leucocytes', 'CRP', 'CRP', 'Leucocytes', 'Release A')",1,883
349,"('ER Registration', 'ER Triage', 'ER Sepsis Triage', 'CRP', 'Leucocytes', 'LacticAcid', 'IV Antibiotics', 'Admission NC', 'Admission NC', 'Leucocytes', 'CRP', 'Leucocytes', 'CRP', 'Release A')",1,884
350,"('ER Registration', 'Leucocytes', 'LacticAcid', 'CRP', 'ER Triage', 'ER Sepsis Triage', 'IV Liquid', 'IV Antibiotics', 'Admission NC', 'Admission NC', 'CRP', 'CRP', 'Leucocytes', 'CRP', 'Leucocytes', 'Release A')",1,885
351,"('ER Registration', 'ER Triage', 'ER Sepsis Triage', 'IV Liquid', 'IV Antibiotics', 'Leucocytes', 'LacticAcid', 'CRP', 'Admission NC', 'CRP', 'LacticAcid', 'Leucocytes', 'Leucocytes', 'CRP', 'Release A')",1,886
352,"('ER Registration', 'ER Triage', 'ER Sepsis Triage', 'LacticAcid', 'Leucocytes', 'CRP', 'IV Liquid', 'IV Antibiotics', 'Admission NC', 'Admission NC', 'Leucocytes', 'CRP', 'CRP', 'Leucocytes', 'Release A', 'Return ER')",1,887
353,"('ER Registration', 'IV Liquid', 'ER Triage', 'ER Sepsis Triage', 'LacticAcid', 'Leucocytes', 'CRP', 'IV Antibiotics', 'Admission IC', 'LacticAcid', 'Leucocytes', 'LacticAcid', 'CRP', 'Admission NC', 'CRP', 'Leucocytes', 'Release A')",1,888
354,"('ER Registration', 'ER Triage', 'CRP', 'LacticAcid', 'Leucocytes', 'ER Sepsis Triage', 'IV Liquid', 'IV Antibiotics', 'Admission NC', 'CRP', 'Leucocytes', 'CRP', 'Leucocytes', 'Leucocytes', 'Leucocytes', 'CRP', 'Release A', 'Return ER')",1,889
355,"('ER Registration', 'ER Triage', 'ER Sepsis Triage', 'Leucocytes', 'CRP', 'LacticAcid', 'IV Liquid', 'IV Antibiotics', 'CRP', 'Leucocytes')",1,890
356,"('ER Registration', 'ER Triage', 'ER Sepsis Triage', 'LacticAcid', 'CRP', 'Leucocytes', 'IV Antibiotics', 'Admission NC', 'Leucocytes', 'CRP', 'Admission NC', 'IV Liquid', 'CRP', 'Leucocytes', 'Release A', 'Return ER')",1,891
357,"('ER Registration', 'ER Triage', 'ER Sepsis Triage', 'IV Liquid', 'IV Antibiotics', 'CRP', 'LacticAcid', 'Leucocytes', 'Admission NC', 'Leucocytes', 'CRP', 'Leucocytes', 'CRP', 'CRP', 'Leucocytes', 'Release A')",1,892
359,"('ER Registration', 'ER Triage', 'ER Sepsis Triage', 'LacticAcid', 'CRP', 'Leucocytes', 'IV Antibiotics', 'IV Liquid', 'Admission NC', 'Release A', 'Return ER')",1,893
360,"('ER Registration', 'ER Triage', 'ER Sepsis Triage', 'IV Liquid', 'CRP', 'Leucocytes', 'LacticAcid', 'IV Antibiotics', 'Admission NC', 'Admission NC', 'Leucocytes', 'CRP', 'CRP', 'Leucocytes', 'Release A')",1,894
361,"('ER Registration', 'ER Triage', 'ER Sepsis Triage', 'Leucocytes', 'LacticAcid', 'CRP', 'IV Liquid', 'IV Antibiotics', 'Admission NC', 'CRP', 'Leucocytes', 'CRP', 'Release A')",1,895
362,"('ER Registration', 'IV Liquid', 'ER Triage', 'ER Sepsis Triage', 'CRP', 'Leucocytes', 'IV Antibiotics', 'Admission NC', 'Leucocytes', 'CRP', 'Release A')",1,896
363,"('ER Sepsis Triage', 'ER Registration', 'ER Triage', 'Leucocytes', 'CRP', 'LacticAcid', 'IV Liquid', 'IV Antibiotics', 'Admission IC', 'LacticAcid', 'CRP', 'CRP', 'LacticAcid', 'Leucocytes', 'Admission NC', 'Release A', 'Return ER')",1,897
364,"('ER Registration', 'ER Triage', 'ER Sepsis Triage', 'CRP', 'LacticAcid', 'Leucocytes', 'IV Antibiotics', 'IV Liquid', 'Admission NC', 'Leucocytes', 'CRP', 'Admission NC', 'Leucocytes', 'CRP', 'Release A', 'Return ER')",1,898
365,"('ER Registration', 'ER Triage', 'ER Sepsis Triage', 'CRP', 'Leucocytes', 'LacticAcid', 'IV Liquid', 'IV Antibiotics', 'Admission NC', 'CRP', 'Leucocytes', 'Admission NC', 'CRP', 'Leucocytes', 'Release A')",1,899
366,"('ER Registration', 'ER Triage', 'ER Sepsis Triage', 'IV Liquid', 'Leucocytes', 'CRP', 'LacticAcid', 'IV Antibiotics', 'Admission NC', 'Admission NC', 'CRP', 'Leucocytes', 'CRP', 'Release A', 'Return ER')",1,900
367,"('Leucocytes', 'CRP', 'ER Registration', 'ER Triage', 'ER Sepsis Triage', 'LacticAcid', 'Leucocytes', 'CRP', 'IV Liquid', 'IV Antibiotics', 'Admission NC', 'Leucocytes', 'CRP', 'CRP', 'Leucocytes', 'Release A')",1,901
394,"('ER Registration', 'ER Triage', 'ER Sepsis Triage', 'IV Liquid', 'CRP', 'Leucocytes', 'LacticAcid', 'IV Antibiotics', 'Admission NC', 'Leucocytes', 'CRP', 'Admission NC', 'Leucocytes', 'CRP', 'CRP', 'Leucocytes', 'CRP', 'Leucocytes', 'Release C')",1,902
395,"('ER Registration', 'ER Triage', 'ER Sepsis Triage', 'CRP', 'LacticAcid', 'Leucocytes', 'IV Antibiotics', 'Admission NC', 'Admission NC', 'CRP', 'CRP', 'Leucocytes', 'CRP', 'CRP', 'Leucocytes', 'CRP', 'Leucocytes', 'CRP', 'Leucocytes', 'Release A', 'Return ER')",1,903
396,"('ER Registration', 'ER Triage', 'ER Sepsis Triage', 'IV Liquid', 'CRP', 'LacticAcid', 'Leucocytes', 'IV Antibiotics', 'Admission NC', 'Leucocytes', 'CRP', 'Leucocytes', 'CRP', 'Release A')",1,904
397,"('ER Registration', 'ER Triage', 'ER Sepsis Triage', 'IV Antibiotics', 'CRP', 'LacticAcid', 'Leucocytes', 'IV Liquid', 'Admission NC', 'CRP', 'Leucocytes', 'Admission NC', 'CRP', 'Leucocytes', 'Release A')",1,905
426,"('ER Registration', 'ER Triage', 'ER Sepsis Triage', 'IV Liquid', 'Leucocytes', 'CRP', 'LacticAcid', 'IV Antibiotics', 'Admission NC', 'Leucocytes', 'CRP', 'Leucocytes', 'Release A', 'Return ER')",1,906
427,"('ER Registration', 'ER Triage', 'CRP', 'LacticAcid', 'Leucocytes', 'ER Sepsis Triage', 'IV Liquid', 'IV Antibiotics', 'Admission NC', 'Leucocytes', 'CRP', 'CRP', 'Leucocytes', 'Release A', 'Return ER')",1,907
428,"('IV Liquid', 'ER Registration', 'ER Triage', 'Leucocytes', 'CRP', 'LacticAcid', 'ER Sepsis Triage', 'IV Antibiotics', 'Admission IC', 'LacticAcid', 'CRP', 'Leucocytes')",1,908
429,"('ER Registration', 'ER Triage', 'CRP', 'LacticAcid', 'Leucocytes', 'ER Sepsis Triage', 'IV Liquid', 'IV Antibiotics', 'Admission NC', 'CRP', 'Leucocytes', 'CRP', 'Leucocytes', 'Release A', 'Return ER')",1,909
430,"('ER Registration', 'ER Triage', 'ER Sepsis Triage', 'LacticAcid', 'CRP', 'Leucocytes', 'IV Liquid', 'IV Antibiotics', 'Admission NC', 'CRP', 'Leucocytes', 'Admission NC', 'Leucocytes', 'CRP', 'Leucocytes', 'CRP', 'Leucocytes', 'CRP', 'CRP', 'Leucocytes', 'Release A')",1,910
431,"('ER Registration', 'ER Triage', 'Leucocytes', 'CRP', 'LacticAcid', 'ER Sepsis Triage', 'IV Liquid', 'IV Antibiotics', 'Admission NC', 'Leucocytes', 'CRP', 'Release A', 'Return ER')",1,911
432,"('ER Registration', 'ER Triage', 'ER Sepsis Triage', 'Leucocytes', 'CRP', 'Leucocytes')",1,912
433,"('ER Registration', 'ER Triage', 'ER Sepsis Triage', 'IV Liquid', 'IV Antibiotics', 'CRP', 'LacticAcid', 'Leucocytes', 'Admission NC', 'Leucocytes', 'CRP', 'Release B')",1,913
434,"('ER Registration', 'ER Triage', 'ER Sepsis Triage', 'Leucocytes', 'CRP', 'LacticAcid', 'IV Liquid', 'IV Antibiotics', 'Admission NC', 'CRP', 'CRP', 'Release A', 'Return ER')",1,914
435,"('ER Registration', 'ER Triage', 'ER Sepsis Triage', 'IV Liquid', 'Leucocytes', 'LacticAcid', 'CRP', 'IV Antibiotics')",1,915
436,"('ER Registration', 'ER Triage', 'ER Sepsis Triage', 'Leucocytes', 'LacticAcid', 'CRP', 'IV Antibiotics', 'IV Liquid', 'Admission NC', 'CRP', 'Leucocytes', 'Release A', 'Return ER')",1,916
437,"('ER Registration', 'ER Triage', 'Leucocytes', 'CRP', 'ER Sepsis Triage', 'IV Liquid', 'IV Antibiotics', 'Admission NC', 'Admission NC', 'CRP', 'Leucocytes', 'CRP', 'Release A')",1,917
438,"('ER Registration', 'ER Triage', 'ER Sepsis Triage', 'Leucocytes', 'CRP', 'IV Antibiotics', 'Leucocytes', 'CRP')",1,918
439,"('ER Registration', 'ER Triage', 'ER Sepsis Triage', 'Leucocytes', 'CRP', 'LacticAcid', 'IV Liquid', 'IV Antibiotics', 'Admission IC', 'LacticAcid', 'Leucocytes', 'CRP', 'Leucocytes', 'CRP', 'LacticAcid', 'Admission NC', 'Leucocytes', 'CRP', 'CRP', 'Leucocytes', 'Leucocytes', 'Leucocytes', 'CRP', 'Leucocytes', 'CRP', 'Release A', 'Return ER')",1,919
440,"('ER Registration', 'ER Triage', 'ER Sepsis Triage', 'CRP', 'Leucocytes', 'IV Liquid', 'IV Antibiotics', 'Admission NC', 'Leucocytes', 'CRP', 'Admission IC', 'CRP', 'LacticAcid', 'Leucocytes', 'CRP', 'LacticAcid', 'Leucocytes', 'Leucocytes', 'CRP', 'LacticAcid', 'Leucocytes', 'LacticAcid', 'CRP', 'LacticAcid', 'CRP', 'Leucocytes', 'CRP', 'Leucocytes', 'LacticAcid', 'LacticAcid', 'Leucocytes', 'CRP', 'LacticAcid', 'CRP', 'Leucocytes', 'Leucocytes', 'CRP', 'LacticAcid', 'Leucocytes', 'CRP', 'LacticAcid', 'CRP', 'Leucocytes', 'LacticAcid', 'LacticAcid', 'Leucocytes', 'CRP', 'Leucocytes', 'LacticAcid', 'CRP', 'Admission NC', 'Release A')",1,920
441,"('ER Registration', 'ER Triage', 'ER Sepsis Triage', 'Leucocytes', 'LacticAcid', 'CRP', 'IV Liquid', 'IV Antibiotics', 'Admission NC', 'CRP', 'Leucocytes', 'Leucocytes', 'CRP', 'Admission IC', 'Leucocytes', 'CRP', 'LacticAcid', 'LacticAcid', 'CRP', 'Leucocytes', 'LacticAcid', 'Leucocytes', 'CRP', 'Admission NC', 'Leucocytes', 'Leucocytes', 'CRP', 'Release A', 'Return ER')",1,921
442,"('ER Registration', 'ER Triage', 'ER Sepsis Triage', 'CRP', 'Leucocytes', 'Admission NC', 'CRP', 'Leucocytes', 'CRP', 'Leucocytes', 'Leucocytes', 'Leucocytes', 'Leucocytes', 'Leucocytes', 'Leucocytes', 'Leucocytes', 'Leucocytes', 'Leucocytes', 'CRP', 'Release A')",1,922
443,"('ER Registration', 'ER Triage', 'CRP', 'Leucocytes', 'LacticAcid', 'ER Sepsis Triage', 'IV Liquid', 'IV Antibiotics')",1,923
444,"('CRP', 'Leucocytes', 'ER Registration', 'ER Triage', 'ER Sepsis Triage', 'Admission NC', 'CRP', 'Leucocytes', 'Admission IC', 'Leucocytes', 'CRP', 'LacticAcid', 'Leucocytes', 'Leucocytes', 'Admission IC', 'Leucocytes', 'CRP', 'LacticAcid', 'Leucocytes', 'Leucocytes', 'Leucocytes', 'LacticAcid', 'CRP', 'Leucocytes', 'LacticAcid', 'Leucocytes', 'CRP', 'CRP', 'LacticAcid', 'Leucocytes', 'Admission NC', 'Release A', 'Return ER')",1,924
445,"('ER Registration', 'ER Triage', 'Leucocytes', 'CRP', 'LacticAcid', 'IV Liquid', 'Admission NC', 'ER Sepsis Triage', 'IV Antibiotics', 'Release A')",1,925
446,"('ER Registration', 'ER Triage', 'ER Sepsis Triage', 'IV Liquid', 'CRP', 'Leucocytes', 'LacticAcid', 'IV Antibiotics', 'Admission NC', 'LacticAcid', 'CRP', 'Leucocytes', 'CRP', 'Leucocytes', 'LacticAcid', 'CRP', 'Leucocytes', 'LacticAcid', 'Leucocytes', 'CRP', 'Release A', 'Return ER')",1,926
425,"('ER Registration', 'ER Triage', 'ER Sepsis Triage', 'IV Liquid', 'IV Antibiotics', 'Leucocytes', 'CRP', 'LacticAcid', 'Admission NC', 'CRP', 'Release A')",1,927
424,"('ER Registration', 'ER Triage', 'ER Sepsis Triage', 'LacticAcid', 'Leucocytes', 'CRP', 'Admission NC', 'CRP', 'Leucocytes', 'CRP', 'Leucocytes', 'Leucocytes', 'CRP', 'Release A')",1,928
422,"('ER Sepsis Triage', 'IV Antibiotics', 'IV Liquid', 'ER Registration', 'ER Triage', 'CRP', 'Leucocytes', 'LacticAcid', 'Admission NC', 'Admission NC', 'CRP', 'Leucocytes', 'Admission NC', 'Leucocytes', 'CRP', 'Leucocytes', 'Admission NC', 'Leucocytes', 'Leucocytes', 'Release A', 'Return ER')",1,929
408,"('ER Registration', 'ER Triage', 'ER Sepsis Triage', 'Leucocytes', 'CRP', 'LacticAcid', 'IV Liquid', 'IV Antibiotics', 'Admission NC', 'Leucocytes', 'CRP', 'Leucocytes', 'CRP', 'CRP', 'Leucocytes', 'Leucocytes', 'CRP', 'Leucocytes', 'CRP', 'Leucocytes', 'CRP', 'Release A', 'Leucocytes', 'Return ER')",1,930
398,"('ER Registration', 'ER Triage', 'ER Sepsis Triage', 'CRP', 'Leucocytes', 'LacticAcid', 'IV Antibiotics', 'IV Liquid', 'Admission NC', 'Leucocytes', 'CRP', 'Release B')",1,931
399,"('ER Registration', 'ER Triage', 'ER Sepsis Triage', 'IV Liquid', 'CRP', 'LacticAcid', 'Leucocytes', 'IV Antibiotics', 'Admission NC', 'CRP', 'Leucocytes', 'CRP', 'CRP', 'Admission IC', 'Leucocytes', 'CRP', 'LacticAcid', 'Leucocytes', 'LacticAcid', 'Leucocytes', 'CRP', 'Leucocytes', 'LacticAcid', 'Leucocytes', 'Leucocytes', 'Leucocytes', 'Leucocytes', 'Leucocytes', 'Leucocytes', 'Release B')",1,932
400,"('ER Registration', 'ER Triage', 'ER Sepsis Triage', 'CRP', 'Leucocytes', 'LacticAcid', 'IV Liquid', 'IV Antibiotics', 'Admission NC', 'Admission NC', 'Admission IC', 'CRP', 'Leucocytes', 'LacticAcid', 'LacticAcid', 'LacticAcid', 'Leucocytes', 'CRP', 'CRP', 'LacticAcid', 'Leucocytes', 'CRP', 'Leucocytes', 'LacticAcid', 'LacticAcid', 'CRP', 'Leucocytes', 'CRP', 'Leucocytes', 'LacticAcid', 'Leucocytes', 'LacticAcid', 'CRP', 'CRP', 'Leucocytes', 'LacticAcid', 'LacticAcid', 'Leucocytes', 'CRP', 'Release E', 'Return ER')",1,933
401,"('ER Triage', 'ER Registration', 'Leucocytes', 'CRP', 'LacticAcid', 'ER Sepsis Triage', 'Admission NC', 'IV Liquid', 'IV Antibiotics')",1,934
402,"('ER Registration', 'ER Triage', 'ER Sepsis Triage', 'CRP', 'Leucocytes', 'Admission NC', 'Leucocytes', 'CRP', 'CRP', 'Leucocytes', 'CRP', 'Leucocytes', 'Leucocytes', 'CRP', 'CRP', 'Leucocytes', 'Release A')",1,935
403,"('ER Registration', 'ER Triage', 'ER Sepsis Triage', 'IV Liquid', 'IV Antibiotics', 'CRP', 'Leucocytes', 'LacticAcid', 'Admission NC', 'CRP', 'Leucocytes', 'Admission NC', 'Release A')",1,936
404,"('ER Registration', 'ER Triage', 'ER Sepsis Triage', 'LacticAcid', 'Leucocytes', 'CRP', 'IV Liquid', 'IV Antibiotics', 'Admission NC', 'Admission NC', 'Leucocytes', 'CRP', 'Release A', 'Return ER')",1,937
405,"('ER Registration', 'ER Triage', 'ER Sepsis Triage', 'CRP', 'LacticAcid', 'Leucocytes', 'IV Liquid', 'IV Antibiotics', 'Admission IC', 'LacticAcid', 'Leucocytes', 'CRP', 'LacticAcid', 'Leucocytes', 'CRP', 'LacticAcid', 'Admission NC', 'Leucocytes', 'CRP', 'Leucocytes', 'CRP', 'CRP', 'Leucocytes', 'Leucocytes', 'CRP', 'Leucocytes', 'CRP', 'Leucocytes', 'CRP', 'Release A', 'Return ER')",1,938
406,"('ER Registration', 'ER Triage', 'ER Sepsis Triage', 'LacticAcid', 'CRP', 'Leucocytes', 'IV Liquid', 'IV Antibiotics', 'Admission NC', 'Leucocytes', 'CRP', 'CRP', 'Leucocytes', 'Admission NC', 'CRP', 'Leucocytes', 'CRP', 'Admission NC', 'Admission NC', 'CRP', 'CRP', 'Leucocytes', 'CRP', 'Leucocytes', 'CRP', 'CRP', 'Leucocytes', 'CRP', 'CRP', 'Admission NC', 'Release D')",1,939
409,"('ER Registration', 'ER Triage', 'ER Sepsis Triage', 'LacticAcid', 'Leucocytes', 'CRP', 'IV Antibiotics', 'IV Liquid', 'Admission NC', 'Leucocytes', 'Leucocytes', 'CRP', 'Leucocytes', 'Leucocytes', 'CRP', 'Leucocytes', 'CRP', 'CRP', 'Leucocytes', 'Leucocytes', 'CRP', 'Release A')",1,940
421,"('Leucocytes', 'ER Registration', 'ER Triage', 'ER Sepsis Triage', 'CRP', 'LacticAcid', 'Leucocytes', 'IV Liquid', 'IV Antibiotics', 'Admission NC', 'CRP', 'Leucocytes', 'Release A')",1,941
410,"('ER Registration', 'ER Triage', 'ER Sepsis Triage', 'IV Liquid', 'LacticAcid', 'Leucocytes', 'CRP', 'IV Antibiotics', 'Admission IC', 'CRP', 'Leucocytes', 'LacticAcid', 'Leucocytes', 'LacticAcid', 'CRP', 'CRP', 'Leucocytes', 'LacticAcid', 'LacticAcid', 'CRP', 'Leucocytes', 'Admission NC', 'Leucocytes', 'CRP', 'CRP', 'Leucocytes', 'CRP', 'Leucocytes', 'CRP', 'Leucocytes', 'Leucocytes', 'CRP', 'CRP', 'Leucocytes', 'Release A')",1,942
413,"('ER Registration', 'ER Sepsis Triage', 'ER Triage', 'IV Liquid', 'LacticAcid', 'CRP', 'Leucocytes', 'IV Antibiotics', 'Admission NC', 'CRP', 'LacticAcid', 'Leucocytes', 'CRP', 'Leucocytes', 'CRP', 'Leucocytes', 'Leucocytes', 'CRP', 'Release B')",1,943
414,"('ER Registration', 'ER Triage', 'ER Sepsis Triage', 'LacticAcid', 'Leucocytes', 'CRP', 'IV Liquid', 'IV Antibiotics', 'Admission NC', 'LacticAcid', 'CRP', 'Leucocytes', 'Admission NC', 'CRP', 'LacticAcid', 'Leucocytes', 'Leucocytes', 'CRP', 'CRP', 'Release A', 'Return ER')",1,944
415,"('ER Registration', 'ER Triage', 'ER Sepsis Triage', 'Leucocytes', 'CRP', 'LacticAcid', 'IV Antibiotics', 'IV Liquid', 'Admission NC', 'CRP', 'Leucocytes', 'Release A')",1,945
416,"('ER Registration', 'ER Triage', 'ER Sepsis Triage', 'CRP', 'LacticAcid', 'Leucocytes', 'IV Liquid', 'IV Antibiotics', 'Admission NC', 'Leucocytes', 'CRP', 'Leucocytes', 'Leucocytes', 'Release A', 'Return ER')",1,946
417,"('ER Registration', 'Leucocytes', 'CRP', 'LacticAcid', 'ER Triage', 'ER Sepsis Triage', 'IV Antibiotics', 'Admission NC', 'Admission NC', 'Leucocytes', 'CRP', 'Admission NC', 'Admission IC', 'LacticAcid', 'CRP', 'Leucocytes', 'LacticAcid', 'CRP', 'Leucocytes', 'Leucocytes', 'LacticAcid', 'CRP', 'Admission NC', 'Leucocytes', 'CRP', 'CRP', 'Leucocytes', 'CRP', 'Release A')",1,947
418,"('ER Registration', 'ER Triage', 'ER Sepsis Triage', 'Leucocytes', 'CRP', 'LacticAcid', 'IV Antibiotics', 'Admission NC', 'Leucocytes', 'CRP', 'IV Liquid', 'Release A', 'Return ER')",1,948
419,"('ER Registration', 'ER Triage', 'ER Sepsis Triage', 'Leucocytes', 'CRP', 'Admission NC', 'Leucocytes', 'CRP', 'Leucocytes', 'CRP', 'CRP', 'Leucocytes', 'CRP', 'Leucocytes', 'Leucocytes', 'CRP', 'CRP', 'Leucocytes', 'Release D')",1,949
420,"('Leucocytes', 'CRP', 'ER Registration', 'ER Triage', 'ER Sepsis Triage', 'IV Liquid', 'LacticAcid', 'IV Antibiotics', 'Admission NC', 'Admission NC', 'CRP', 'Leucocytes', 'CRP', 'CRP', 'Release A')",1,950
345,"('ER Registration', 'ER Triage', 'ER Sepsis Triage', 'IV Liquid', 'Leucocytes', 'CRP', 'LacticAcid', 'IV Antibiotics', 'Admission NC', 'Admission NC', 'Release A', 'Return ER')",1,951
343,"('ER Sepsis Triage', 'ER Registration', 'ER Triage', 'IV Liquid', 'IV Antibiotics', 'CRP', 'Leucocytes', 'LacticAcid', 'Admission NC', 'CRP', 'Leucocytes', 'Admission NC', 'Leucocytes', 'CRP', 'Leucocytes', 'CRP', 'Release A')",1,952
237,"('Leucocytes', 'CRP', 'ER Registration', 'ER Triage', 'ER Sepsis Triage', 'IV Liquid', 'LacticAcid', 'Leucocytes', 'CRP', 'IV Antibiotics', 'Admission NC', 'Leucocytes', 'CRP', 'Admission NC', 'CRP', 'Leucocytes', 'Leucocytes', 'Leucocytes', 'CRP', 'Leucocytes', 'Leucocytes', 'Leucocytes', 'Leucocytes', 'Leucocytes', 'CRP', 'Leucocytes', 'Leucocytes', 'Leucocytes', 'Leucocytes', 'Leucocytes', 'Leucocytes', 'CRP', 'CRP', 'Leucocytes', 'Leucocytes', 'CRP', 'Leucocytes', 'CRP', 'CRP', 'Leucocytes', 'Leucocytes', 'CRP', 'Leucocytes', 'Leucocytes', 'CRP', 'Leucocytes', 'CRP', 'Leucocytes', 'CRP', 'Leucocytes', 'Leucocytes', 'Leucocytes', 'CRP', 'CRP', 'Leucocytes', 'CRP', 'Leucocytes', 'Leucocytes', 'CRP', 'Leucocytes', 'Admission IC', 'Leucocytes', 'CRP', 'LacticAcid', 'CRP', 'LacticAcid', 'Leucocytes', 'LacticAcid', 'Leucocytes', 'CRP', 'Leucocytes', 'CRP', 'LacticAcid', 'Admission NC', 'Leucocytes', 'Leucocytes', 'Leucocytes', 'Leucocytes', 'CRP', 'Leucocytes', 'Leucocytes', 'CRP', 'Leucocytes', 'Leucocytes', 'CRP', 'CRP', 'Leucocytes', 'Release D')",1,953
261,"('ER Registration', 'ER Triage', 'ER Sepsis Triage', 'CRP', 'LacticAcid', 'Leucocytes', 'IV Liquid', 'IV Antibiotics', 'Admission NC', 'Leucocytes', 'CRP', 'Admission NC', 'Leucocytes', 'CRP', 'CRP', 'CRP', 'Release A')",1,954
263,"('ER Registration', 'ER Triage', 'ER Sepsis Triage', 'IV Liquid', 'Leucocytes', 'CRP', 'LacticAcid', 'IV Antibiotics', 'Admission NC', 'Admission NC', 'Leucocytes', 'CRP', 'Release A')",1,955
264,"('ER Registration', 'ER Triage', 'ER Sepsis Triage', 'IV Liquid', 'LacticAcid', 'Leucocytes', 'CRP', 'IV Antibiotics')",1,956
265,"('ER Registration', 'ER Triage', 'ER Sepsis Triage', 'CRP', 'Leucocytes', 'LacticAcid', 'IV Antibiotics', 'Admission NC', 'Admission NC', 'Leucocytes', 'CRP', 'Leucocytes', 'CRP', 'Release A', 'Return ER')",1,957
266,"('ER Registration', 'ER Triage', 'Leucocytes', 'CRP', 'LacticAcid', 'ER Sepsis Triage', 'IV Liquid', 'IV Antibiotics', 'Admission NC', 'Leucocytes', 'CRP', 'LacticAcid', 'Leucocytes', 'CRP', 'CRP', 'Release A')",1,958
268,"('ER Registration', 'ER Triage', 'ER Sepsis Triage', 'LacticAcid', 'CRP', 'Leucocytes', 'IV Liquid', 'IV Antibiotics', 'Admission IC', 'LacticAcid', 'Leucocytes', 'CRP', 'Admission NC', 'Leucocytes', 'CRP', 'Release A')",1,959
270,"('ER Registration', 'ER Triage', 'ER Sepsis Triage', 'CRP', 'Leucocytes', 'LacticAcid', 'IV Antibiotics', 'IV Liquid', 'Admission NC', 'Leucocytes', 'CRP', 'Admission NC', 'CRP', 'Leucocytes', 'Release A', 'Return ER')",1,960
272,"('ER Registration', 'ER Triage', 'ER Sepsis Triage', 'CRP', 'LacticAcid', 'Leucocytes', 'IV Liquid', 'IV Antibiotics', 'Admission NC', 'Admission NC', 'CRP', 'Leucocytes', 'Release A')",1,961
273,"('ER Registration', 'ER Triage', 'ER Sepsis Triage', 'CRP', 'LacticAcid', 'Leucocytes', 'IV Liquid', 'IV Antibiotics', 'Admission NC', 'Release C')",1,962
274,"('ER Registration', 'ER Triage', 'ER Sepsis Triage', 'CRP', 'LacticAcid', 'Leucocytes', 'IV Liquid', 'IV Antibiotics', 'Admission NC', 'Leucocytes', 'Admission NC', 'CRP', 'CRP', 'Leucocytes', 'Leucocytes', 'Leucocytes', 'Leucocytes', 'CRP', 'Release D')",1,963
275,"('ER Registration', 'ER Triage', 'ER Sepsis Triage', 'CRP', 'LacticAcid', 'Leucocytes', 'IV Liquid', 'IV Antibiotics', 'Admission NC', 'Leucocytes', 'CRP', 'Leucocytes', 'CRP', 'Release A', 'Return ER')",1,964
276,"('ER Registration', 'ER Triage', 'ER Sepsis Triage', 'LacticAcid', 'Leucocytes', 'CRP', 'IV Liquid', 'IV Antibiotics', 'Admission IC', 'Leucocytes', 'LacticAcid', 'CRP', 'Admission NC', 'Leucocytes', 'CRP', 'Release A')",1,965
277,"('Leucocytes', 'CRP', 'ER Registration', 'ER Triage', 'ER Sepsis Triage', 'Admission NC', 'CRP', 'Leucocytes', 'Admission NC', 'CRP', 'Leucocytes', 'CRP', 'Leucocytes', 'CRP', 'Release C')",1,966
278,"('ER Registration', 'ER Triage', 'ER Sepsis Triage', 'IV Liquid', 'Leucocytes', 'CRP', 'LacticAcid', 'IV Antibiotics', 'Admission NC', 'Admission NC', 'CRP', 'Leucocytes', 'Leucocytes', 'CRP', 'CRP', 'Leucocytes', 'Release A', 'Return ER')",1,967
279,"('ER Registration', 'ER Triage', 'ER Sepsis Triage', 'Leucocytes', 'CRP', 'LacticAcid', 'IV Antibiotics', 'Admission IC', 'CRP', 'Leucocytes', 'LacticAcid', 'LacticAcid', 'Leucocytes', 'Leucocytes', 'CRP', 'LacticAcid', 'Leucocytes', 'CRP', 'LacticAcid', 'LacticAcid', 'Leucocytes', 'CRP', 'Admission NC', 'CRP', 'Leucocytes', 'CRP', 'CRP', 'Leucocytes', 'CRP', 'Release A')",1,968
280,"('ER Registration', 'ER Triage', 'ER Sepsis Triage', 'Leucocytes', 'CRP', 'LacticAcid', 'IV Liquid', 'IV Antibiotics', 'Admission NC', 'CRP', 'Leucocytes', 'LacticAcid', 'CRP', 'Leucocytes', 'CRP', 'Leucocytes', 'Leucocytes', 'CRP', 'Leucocytes', 'CRP', 'Leucocytes', 'CRP', 'Leucocytes', 'CRP', 'Release A')",1,969
281,"('ER Registration', 'ER Triage', 'ER Sepsis Triage', 'LacticAcid', 'Leucocytes', 'CRP', 'Admission NC', 'Admission NC', 'CRP', 'Leucocytes', 'Release A')",1,970
283,"('ER Registration', 'ER Triage', 'ER Sepsis Triage', 'LacticAcid', 'CRP', 'Leucocytes', 'IV Antibiotics', 'IV Liquid', 'Admission NC', 'Release A')",1,971
284,"('ER Registration', 'ER Triage', 'ER Sepsis Triage', 'LacticAcid', 'CRP', 'Leucocytes', 'IV Liquid', 'IV Antibiotics', 'CRP', 'LacticAcid', 'Leucocytes', 'Admission IC', 'LacticAcid', 'Leucocytes', 'CRP', 'Leucocytes', 'CRP', 'LacticAcid', 'Leucocytes', 'CRP', 'LacticAcid', 'LacticAcid', 'Leucocytes', 'CRP', 'CRP', 'LacticAcid', 'Leucocytes', 'Leucocytes', 'CRP', 'LacticAcid', 'Leucocytes', 'CRP', 'LacticAcid', 'Admission NC', 'Leucocytes', 'Leucocytes', 'CRP', 'Leucocytes', 'Leucocytes', 'CRP', 'Leucocytes', 'Leucocytes', 'CRP', 'Release D', 'Return ER')",1,972
286,"('ER Registration', 'CRP', 'Leucocytes', 'LacticAcid', 'ER Triage', 'ER Sepsis Triage', 'IV Liquid', 'IV Antibiotics', 'Admission NC', 'CRP', 'Leucocytes', 'CRP', 'Leucocytes', 'Leucocytes', 'CRP', 'Release A')",1,973
287,"('ER Registration', 'ER Triage', 'ER Sepsis Triage', 'Leucocytes', 'CRP', 'ER Triage')",1,974
288,"('ER Registration', 'ER Triage', 'ER Sepsis Triage', 'IV Liquid', 'LacticAcid', 'Leucocytes', 'CRP', 'IV Antibiotics', 'Admission NC', 'Release A')",1,975
262,"('ER Registration', 'ER Triage', 'ER Sepsis Triage', 'IV Liquid', 'CRP', 'Leucocytes', 'LacticAcid', 'IV Antibiotics', 'Admission NC', 'Leucocytes', 'CRP', 'CRP', 'Leucocytes', 'Leucocytes', 'CRP', 'Release A', 'Return ER', 'CRP', 'Leucocytes')",1,976
260,"('ER Registration', 'ER Triage', 'ER Sepsis Triage', 'IV Liquid', 'IV Antibiotics', 'LacticAcid', 'Leucocytes', 'CRP', 'Admission NC', 'CRP', 'Release A', 'Return ER')",1,977
342,"('ER Registration', 'ER Triage', 'ER Sepsis Triage', 'LacticAcid', 'CRP', 'Leucocytes', 'Admission NC', 'Admission NC', 'Leucocytes', 'CRP', 'CRP', 'Leucocytes', 'Release E')",1,978
259,"('ER Registration', 'ER Triage', 'Leucocytes', 'CRP', 'LacticAcid', 'ER Sepsis Triage', 'IV Liquid', 'IV Antibiotics', 'Admission IC', 'Admission IC', 'Leucocytes', 'CRP', 'LacticAcid', 'Leucocytes', 'CRP', 'LacticAcid', 'Leucocytes', 'Leucocytes', 'CRP', 'LacticAcid', 'LacticAcid', 'CRP', 'LacticAcid', 'Leucocytes', 'LacticAcid', 'Leucocytes', 'CRP', 'Leucocytes', 'LacticAcid', 'CRP', 'Admission NC', 'Release A')",1,979
238,"('ER Registration', 'ER Triage', 'ER Sepsis Triage', 'LacticAcid', 'Leucocytes', 'CRP', 'IV Antibiotics', 'Admission NC', 'Admission NC', 'CRP', 'Leucocytes', 'CRP', 'Leucocytes', 'Release A', 'Return ER')",1,980
239,"('ER Registration', 'ER Triage', 'ER Sepsis Triage', 'IV Antibiotics', 'CRP', 'Leucocytes', 'LacticAcid', 'Admission NC', 'Admission NC', 'CRP', 'Leucocytes', 'CRP', 'Leucocytes', 'Release A')",1,981
240,"('ER Registration', 'ER Triage', 'ER Sepsis Triage', 'IV Antibiotics', 'Leucocytes', 'LacticAcid', 'CRP', 'IV Liquid', 'Admission NC', 'Leucocytes', 'CRP', 'Admission NC', 'Release C')",1,982
241,"('ER Registration', 'ER Triage', 'ER Sepsis Triage', 'Leucocytes', 'CRP', 'Admission NC', 'Admission NC', 'CRP', 'Leucocytes', 'CRP', 'Leucocytes', 'CRP', 'Release A')",1,983
242,"('ER Registration', 'ER Triage', 'ER Sepsis Triage', 'LacticAcid', 'Leucocytes', 'CRP', 'IV Liquid', 'IV Antibiotics', 'Admission NC', 'Leucocytes', 'CRP', 'Admission NC', 'Leucocytes', 'CRP', 'LacticAcid', 'CRP', 'Leucocytes', 'Admission NC', 'Leucocytes', 'Admission IC', 'CRP', 'LacticAcid', 'Leucocytes', 'Leucocytes', 'Leucocytes', 'CRP', 'LacticAcid', 'Leucocytes', 'Admission NC', 'Leucocytes', 'CRP', 'Leucocytes', 'Leucocytes', 'Leucocytes', 'Leucocytes', 'CRP', 'Leucocytes', 'CRP', 'Leucocytes', 'Release D', 'Return ER')",1,984
243,"('ER Registration', 'ER Triage', 'ER Sepsis Triage', 'IV Liquid', 'CRP', 'LacticAcid', 'Leucocytes', 'IV Antibiotics', 'Admission IC', 'CRP', 'Leucocytes', 'LacticAcid', 'CRP', 'LacticAcid', 'Leucocytes', 'Admission IC', 'Leucocytes', 'CRP', 'LacticAcid', 'Leucocytes', 'Leucocytes', 'CRP', 'LacticAcid', 'Admission NC', 'Release A')",1,985
244,"('ER Registration', 'ER Triage', 'ER Sepsis Triage', 'Leucocytes', 'CRP', 'LacticAcid', 'IV Liquid', 'IV Antibiotics', 'Admission NC', 'Admission IC', 'CRP', 'LacticAcid', 'Leucocytes', 'CRP', 'LacticAcid', 'Leucocytes', 'Admission NC', 'CRP', 'Leucocytes', 'Release A')",1,986
245,"('ER Registration', 'ER Triage', 'CRP', 'Leucocytes', 'LacticAcid', 'Admission NC', 'ER Sepsis Triage', 'IV Liquid', 'IV Antibiotics', 'Release A')",1,987
246,"('ER Registration', 'ER Triage', 'ER Sepsis Triage', 'Leucocytes', 'LacticAcid', 'CRP', 'IV Antibiotics', 'Admission NC', 'CRP', 'Release A')",1,988
247,"('ER Registration', 'ER Triage', 'ER Sepsis Triage', 'Leucocytes', 'CRP', 'Admission NC', 'CRP', 'Leucocytes', 'Admission NC', 'CRP', 'Leucocytes', 'Leucocytes', 'CRP', 'CRP', 'Leucocytes', 'Release B')",1,989
248,"('ER Registration', 'ER Triage', 'ER Sepsis Triage', 'LacticAcid', 'CRP', 'Leucocytes', 'Admission NC', 'Leucocytes', 'CRP', 'Admission NC', 'Leucocytes', 'CRP', 'Leucocytes', 'CRP', 'Leucocytes', 'CRP', 'Leucocytes', 'CRP', 'Leucocytes', 'CRP', 'Release A', 'Return ER')",1,990
249,"('ER Registration', 'ER Triage', 'ER Sepsis Triage', 'Leucocytes', 'CRP', 'IV Liquid', 'IV Antibiotics', 'Admission NC', 'Leucocytes', 'Leucocytes', 'Leucocytes', 'Leucocytes', 'Leucocytes', 'Release A', 'Return ER')",1,991
250,"('ER Registration', 'ER Triage', 'ER Sepsis Triage', 'IV Liquid', 'IV Antibiotics', 'LacticAcid', 'Leucocytes', 'CRP', 'Admission NC', 'Leucocytes', 'CRP', 'Leucocytes', 'CRP', 'Release B')",1,992
251,"('ER Sepsis Triage', 'IV Liquid', 'IV Antibiotics', 'ER Registration', 'ER Triage', 'LacticAcid', 'CRP', 'Leucocytes', 'LacticAcid', 'CRP', 'Leucocytes')",1,993
252,"('ER Sepsis Triage', 'ER Registration', 'ER Triage', 'CRP', 'Leucocytes', 'LacticAcid', 'IV Antibiotics', 'IV Liquid', 'Admission NC', 'Leucocytes', 'CRP', 'Admission NC', 'Leucocytes', 'CRP', 'Release B')",1,994
253,"('ER Registration', 'ER Triage', 'LacticAcid', 'CRP', 'Leucocytes', 'ER Sepsis Triage', 'IV Liquid', 'IV Antibiotics', 'Admission NC', 'Admission NC', 'Leucocytes', 'CRP', 'Release A')",1,995
254,"('ER Registration', 'ER Triage', 'ER Sepsis Triage', 'CRP', 'LacticAcid', 'Leucocytes', 'Admission IC', 'Admission NC', 'CRP', 'Leucocytes', 'CRP', 'Admission NC', 'Release B')",1,996
255,"('ER Registration', 'ER Triage', 'Leucocytes', 'CRP', 'LacticAcid', 'ER Sepsis Triage', 'Admission NC', 'Admission NC', 'Leucocytes', 'CRP', 'Release A')",1,997
256,"('ER Registration', 'ER Triage', 'ER Sepsis Triage', 'LacticAcid', 'Leucocytes', 'CRP', 'IV Antibiotics', 'Admission IC', 'CRP', 'Leucocytes', 'LacticAcid', 'Leucocytes', 'CRP', 'LacticAcid', 'Admission NC', 'Admission NC', 'Leucocytes', 'CRP', 'CRP', 'Leucocytes', 'Release A')",1,998
257,"('ER Registration', 'ER Triage', 'ER Sepsis Triage', 'CRP', 'LacticAcid', 'Leucocytes', 'IV Liquid', 'IV Antibiotics', 'Admission NC', 'CRP', 'Leucocytes', 'Admission NC', 'Leucocytes', 'CRP', 'Release A')",1,999
258,"('ER Registration', 'ER Triage', 'ER Sepsis Triage', 'CRP', 'LacticAcid', 'Leucocytes', 'IV Liquid', 'IV Antibiotics', 'Admission NC', 'CRP', 'Leucocytes', 'Leucocytes', 'CRP', 'Release C', 'Return ER')",1,1000
289,"('ER Registration', 'ER Triage', 'ER Sepsis Triage', 'CRP', 'Leucocytes', 'LacticAcid', 'IV Antibiotics', 'Admission NC', 'IV Liquid', 'CRP', 'Leucocytes', 'CRP', 'Leucocytes', 'Release A', 'Return ER')",1,1001
290,"('ER Registration', 'ER Triage', 'CRP', 'LacticAcid', 'Leucocytes', 'IV Liquid', 'Admission NC', 'ER Sepsis Triage', 'IV Antibiotics', 'Admission IC', 'CRP', 'LacticAcid', 'Leucocytes', 'Leucocytes', 'CRP', 'LacticAcid', 'Admission NC', 'Leucocytes', 'CRP', 'CRP', 'Leucocytes', 'Release A')",1,1002
291,"('ER Registration', 'ER Triage', 'ER Sepsis Triage', 'IV Antibiotics', 'Leucocytes', 'CRP', 'LacticAcid', 'Admission NC', 'Leucocytes', 'CRP', 'Release A')",1,1003
292,"('IV Liquid', 'ER Registration', 'ER Triage', 'ER Sepsis Triage', 'LacticAcid', 'CRP', 'Leucocytes', 'IV Antibiotics')",1,1004
318,"('ER Registration', 'ER Triage', 'ER Sepsis Triage', 'IV Antibiotics', 'IV Liquid', 'LacticAcid', 'CRP', 'Leucocytes', 'Admission NC', 'Admission NC', 'Leucocytes', 'CRP', 'Leucocytes', 'CRP', 'Release A')",1,1005
319,"('ER Registration', 'ER Triage', 'CRP', 'Leucocytes', 'ER Sepsis Triage', 'IV Liquid', 'LacticAcid', 'IV Antibiotics')",1,1006
320,"('Leucocytes', 'ER Registration', 'ER Triage', 'ER Sepsis Triage', 'IV Liquid', 'CRP', 'Leucocytes', 'LacticAcid', 'IV Antibiotics', 'Admission NC', 'CRP', 'Leucocytes', 'Release A')",1,1007
321,"('ER Registration', 'ER Triage', 'IV Liquid', 'ER Sepsis Triage', 'LacticAcid', 'CRP', 'Leucocytes', 'IV Antibiotics', 'Admission NC', 'Admission NC', 'Leucocytes', 'CRP', 'Leucocytes', 'CRP', 'Leucocytes', 'CRP', 'Release A', 'Return ER')",1,1008
322,"('ER Registration', 'ER Triage', 'ER Sepsis Triage', 'CRP', 'Leucocytes', 'LacticAcid', 'IV Liquid', 'IV Antibiotics', 'Admission NC', 'CRP', 'Release A')",1,1009
323,"('ER Registration', 'ER Sepsis Triage', 'IV Antibiotics', 'ER Triage', 'Leucocytes', 'LacticAcid', 'CRP', 'Admission NC', 'Admission NC', 'CRP', 'LacticAcid', 'Leucocytes', 'Release A', 'Return ER')",1,1010
324,"('ER Registration', 'ER Triage', 'ER Sepsis Triage', 'Leucocytes', 'CRP', 'Admission NC', 'Leucocytes', 'Admission NC', 'Leucocytes', 'Leucocytes', 'Leucocytes', 'Leucocytes', 'Leucocytes', 'Leucocytes', 'Leucocytes', 'Leucocytes', 'CRP', 'Leucocytes', 'Leucocytes', 'Leucocytes', 'Leucocytes', 'Leucocytes', 'Release E')",1,1011
325,"('ER Registration', 'ER Triage', 'ER Sepsis Triage', 'IV Liquid', 'IV Antibiotics', 'Leucocytes', 'CRP', 'LacticAcid', 'Admission NC', 'CRP', 'Leucocytes', 'CRP', 'Leucocytes', 'Release A', 'Return ER')",1,1012
326,"('ER Registration', 'ER Triage', 'ER Sepsis Triage', 'CRP', 'Leucocytes', 'LacticAcid', 'IV Liquid', 'IV Antibiotics', 'Admission NC', 'CRP', 'Leucocytes', 'CRP', 'Leucocytes', 'CRP', 'CRP', 'Leucocytes', 'Release D', 'Return ER')",1,1013
327,"('ER Registration', 'LacticAcid', 'Leucocytes', 'CRP', 'ER Triage', 'ER Sepsis Triage', 'IV Liquid', 'IV Antibiotics', 'Admission NC', 'Admission NC', 'Leucocytes', 'CRP', 'Release A', 'Return ER')",1,1014
328,"('ER Registration', 'ER Triage', 'ER Sepsis Triage', 'Leucocytes', 'CRP', 'LacticAcid', 'IV Antibiotics', 'IV Liquid', 'Admission NC', 'Admission NC', 'Leucocytes', 'CRP', 'CRP', 'Leucocytes', 'Release A', 'Return ER')",1,1015
330,"('ER Registration', 'ER Triage', 'ER Sepsis Triage', 'Leucocytes', 'CRP', 'Admission NC', 'Release A', 'Return ER')",1,1016
331,"('ER Registration', 'ER Triage', 'ER Sepsis Triage', 'IV Liquid', 'IV Antibiotics', 'Leucocytes', 'LacticAcid', 'CRP', 'Admission NC', 'Leucocytes', 'Leucocytes', 'CRP', 'Release A')",1,1017
332,"('ER Registration', 'ER Triage', 'ER Sepsis Triage', 'Leucocytes', 'CRP', 'LacticAcid', 'Admission NC', 'Release A')",1,1018
333,"('ER Registration', 'ER Sepsis Triage', 'ER Triage', 'IV Liquid', 'IV Antibiotics', 'CRP', 'Leucocytes', 'LacticAcid', 'Admission NC', 'Admission NC', 'Release A', 'Return ER')",1,1019
334,"('ER Registration', 'ER Triage', 'ER Sepsis Triage', 'Leucocytes', 'Admission NC', 'Leucocytes', 'Release A')",1,1020
336,"('CRP', 'Leucocytes', 'ER Registration', 'ER Triage', 'ER Sepsis Triage', 'Leucocytes', 'CRP', 'IV Liquid', 'IV Antibiotics')",1,1021
338,"('ER Registration', 'ER Triage', 'ER Sepsis Triage', 'Leucocytes', 'CRP', 'LacticAcid', 'Admission NC', 'CRP', 'Release A')",1,1022
339,"('ER Registration', 'ER Triage', 'ER Sepsis Triage', 'Leucocytes', 'CRP', 'LacticAcid', 'IV Antibiotics', 'IV Liquid', 'Admission IC', 'CRP', 'LacticAcid', 'Leucocytes', 'LacticAcid', 'LacticAcid', 'LacticAcid', 'CRP', 'LacticAcid', 'Leucocytes', 'LacticAcid', 'LacticAcid', 'LacticAcid', 'LacticAcid', 'LacticAcid', 'Leucocytes', 'CRP', 'Admission NC', 'CRP', 'Leucocytes', 'Leucocytes', 'CRP', 'Release A')",1,1023
340,"('ER Registration', 'ER Triage', 'ER Sepsis Triage', 'IV Liquid', 'LacticAcid', 'CRP', 'Leucocytes', 'IV Antibiotics', 'Admission NC', 'Leucocytes', 'CRP', 'CRP', 'Release B')",1,1024
341,"('ER Registration', 'ER Triage', 'Leucocytes', 'CRP', 'LacticAcid', 'ER Sepsis Triage', 'IV Liquid', 'IV Antibiotics', 'Admission NC', 'Leucocytes', 'Leucocytes', 'CRP', 'Leucocytes', 'CRP', 'Leucocytes', 'CRP', 'CRP', 'Leucocytes', 'CRP', 'CRP', 'Leucocytes', 'Leucocytes', 'Leucocytes', 'CRP', 'Release A')",1,1025
317,"('ER Registration', 'ER Triage', 'ER Sepsis Triage', 'LacticAcid', 'CRP', 'Leucocytes', 'IV Liquid', 'IV Antibiotics', 'Admission NC', 'Admission NC', 'CRP', 'Leucocytes', 'CRP', 'Leucocytes', 'Release A', 'Return ER')",1,1026
316,"('ER Registration', 'ER Triage', 'ER Sepsis Triage', 'CRP', 'Leucocytes', 'LacticAcid', 'IV Liquid', 'IV Antibiotics', 'Admission NC', 'CRP', 'CRP', 'Leucocytes', 'CRP', 'Leucocytes', 'Leucocytes', 'CRP', 'Leucocytes', 'CRP', 'CRP', 'Leucocytes', 'CRP', 'Leucocytes', 'Release A')",1,1027
315,"('ER Registration', 'ER Triage', 'ER Sepsis Triage', 'CRP', 'Leucocytes', 'LacticAcid', 'IV Liquid', 'IV Antibiotics', 'ER Triage')",1,1028
302,"('ER Registration', 'ER Triage', 'ER Sepsis Triage', 'Leucocytes', 'LacticAcid', 'CRP', 'IV Liquid', 'IV Antibiotics', 'Admission NC', 'CRP', 'Leucocytes', 'Leucocytes', 'CRP', 'Leucocytes', 'CRP', 'Release A')",1,1029
293,"('ER Registration', 'Leucocytes', 'CRP', 'LacticAcid', 'ER Triage', 'ER Sepsis Triage', 'IV Liquid', 'IV Antibiotics', 'Admission NC', 'Leucocytes', 'Admission NC', 'CRP', 'Leucocytes', 'Release A')",1,1030
294,"('ER Registration', 'ER Triage', 'ER Sepsis Triage', 'IV Liquid', 'Leucocytes', 'CRP', 'LacticAcid', 'IV Antibiotics', 'Admission NC', 'CRP', 'CRP', 'Release A')",1,1031
295,"('ER Triage', 'ER Registration', 'ER Sepsis Triage', 'IV Liquid', 'IV Antibiotics', 'Leucocytes', 'CRP', 'LacticAcid', 'Admission NC', 'Leucocytes', 'Release A', 'Return ER')",1,1032
296,"('ER Registration', 'ER Triage', 'ER Sepsis Triage', 'Leucocytes', 'CRP', 'LacticAcid', 'IV Liquid', 'IV Antibiotics', 'Admission NC', 'Admission NC', 'Leucocytes', 'Release A', 'Return ER')",1,1033
297,"('ER Registration', 'IV Liquid', 'ER Triage', 'ER Sepsis Triage', 'IV Antibiotics', 'LacticAcid', 'Leucocytes', 'CRP', 'Admission NC', 'CRP', 'Leucocytes', 'Release A', 'Return ER')",1,1034
298,"('Leucocytes', 'CRP', 'ER Registration', 'ER Triage', 'ER Sepsis Triage', 'IV Liquid', 'LacticAcid', 'CRP', 'Leucocytes', 'IV Antibiotics', 'Admission NC', 'CRP', 'CRP', 'Leucocytes', 'CRP', 'Leucocytes', 'Release A')",1,1035
299,"('ER Registration', 'ER Triage', 'ER Sepsis Triage', 'Leucocytes', 'Admission NC', 'Leucocytes', 'Leucocytes', 'Leucocytes', 'CRP', 'Leucocytes', 'Leucocytes', 'Leucocytes', 'Leucocytes', 'Leucocytes', 'Leucocytes', 'CRP', 'Leucocytes', 'Release A')",1,1036
300,"('ER Registration', 'ER Triage', 'ER Sepsis Triage', 'IV Liquid', 'Leucocytes', 'CRP', 'LacticAcid', 'IV Antibiotics', 'Admission NC', 'Admission NC', 'CRP', 'Leucocytes', 'Leucocytes', 'CRP', 'Release A', 'Return ER')",1,1037
301,"('ER Registration', 'ER Triage', 'ER Sepsis Triage', 'Leucocytes', 'CRP', 'LacticAcid', 'IV Antibiotics', 'Admission NC', 'Admission NC', 'IV Liquid', 'CRP', 'Leucocytes', 'Admission NC', 'Leucocytes', 'CRP', 'Release A', 'Return ER')",1,1038
303,"('ER Registration', 'ER Triage', 'Leucocytes', 'LacticAcid', 'CRP', 'ER Sepsis Triage', 'IV Liquid', 'IV Antibiotics', 'Admission NC', 'CRP', 'Leucocytes', 'Release A', 'Return ER')",1,1039
313,"('ER Registration', 'ER Triage', 'ER Sepsis Triage', 'CRP', 'Leucocytes', 'IV Liquid', 'IV Antibiotics', 'Admission NC', 'Leucocytes', 'CRP', 'Admission NC', 'CRP', 'Leucocytes', 'CRP', 'Release A', 'Return ER')",1,1040
304,"('ER Registration', 'ER Triage', 'ER Sepsis Triage', 'Leucocytes', 'LacticAcid', 'CRP', 'IV Liquid', 'IV Antibiotics', 'Admission NC', 'Leucocytes', 'CRP', 'CRP', 'Release A')",1,1041
305,"('ER Registration', 'ER Triage', 'ER Sepsis Triage', 'Leucocytes', 'CRP', 'LacticAcid', 'IV Liquid', 'IV Antibiotics', 'Admission NC', 'Admission NC', 'Admission NC', 'CRP', 'Leucocytes', 'CRP', 'Leucocytes', 'Release A')",1,1042
306,"('ER Registration', 'ER Triage', 'ER Sepsis Triage', 'LacticAcid', 'Leucocytes', 'CRP', 'IV Antibiotics', 'IV Liquid', 'Admission NC', 'Leucocytes', 'CRP')",1,1043
307,"('ER Registration', 'ER Triage', 'IV Liquid', 'Leucocytes', 'CRP', 'LacticAcid', 'ER Sepsis Triage', 'IV Antibiotics')",1,1044
308,"('ER Registration', 'ER Triage', 'ER Sepsis Triage', 'IV Antibiotics', 'Leucocytes', 'CRP', 'LacticAcid', 'IV Liquid', 'Admission NC', 'CRP', 'Leucocytes', 'CRP', 'Release A')",1,1045
309,"('ER Registration', 'ER Triage', 'ER Sepsis Triage', 'Leucocytes', 'LacticAcid', 'CRP', 'IV Liquid', 'IV Antibiotics', 'Admission NC', 'Admission NC', 'Release A', 'Return ER')",1,1046
310,"('ER Registration', 'ER Sepsis Triage', 'ER Triage', 'CRP', 'Leucocytes', 'LacticAcid', 'LacticAcid', 'IV Liquid', 'IV Antibiotics', 'Admission IC', 'LacticAcid', 'Leucocytes', 'CRP', 'LacticAcid', 'CRP', 'LacticAcid', 'Leucocytes', 'Admission NC', 'Leucocytes', 'CRP', 'Leucocytes', 'Leucocytes', 'CRP', 'Leucocytes', 'CRP', 'Leucocytes', 'CRP', 'Leucocytes', 'CRP', 'Leucocytes', 'CRP', 'Leucocytes', 'Leucocytes', 'CRP', 'Leucocytes', 'CRP', 'Release A')",1,1047
311,"('ER Registration', 'ER Triage', 'ER Sepsis Triage', 'LacticAcid', 'CRP', 'Leucocytes', 'IV Liquid', 'IV Antibiotics', 'Admission NC', 'Leucocytes', 'CRP')",1,1048
312,"('ER Registration', 'ER Triage', 'ER Sepsis Triage', 'IV Liquid', 'LacticAcid', 'Leucocytes', 'CRP', 'IV Antibiotics', 'Admission NC', 'Admission NC', 'CRP', 'Leucocytes', 'CRP', 'Leucocytes', 'CRP', 'Release A', 'Return ER')",1,1049
845,"('ER Registration', 'ER Triage', 'ER Sepsis Triage', 'IV Liquid', 'Leucocytes', 'LacticAcid', 'CRP', 'IV Antibiotics', 'Admission NC', 'Admission NC', 'CRP', 'Leucocytes', 'Release A')",1,1050
